film_id,category_id,last_update
56,11,2022-02-15 03:07:09-07
62,5,2022-02-15 03:07:09-07
95,6,2022-02-15 03:07:09-07
39,8,2022-02-15 03:07:09-07
5,9,2022-02-15 03:07:09-07
37,1,2022-02-15 03:07:09-07
2,1,2022-02-15 03:07:09-07
58,14,2022-02-15 03:07:09-07
12,1,2022-02-15 03:07:09-07
92,12,2022-02-15 03:07:09-07
93,9,2022-02-15 03:07:09-07
94,10,2022-02-15 03:07:09-07
77,3,2022-02-15 03:07:09-07
57,11,2022-02-15 03:07:09-07
106,2,2022-02-15 03:07:09-07
99,12,2022-02-15 03:07:09-07
100,2,2022-02-15 03:07:09-07
85,15,2022-02-15 03:07:09-07
43,14,2022-02-15 03:07:09-07
35,4,2022-02-15 03:07:09-07
65,8,2022-02-15 03:07:09-07
61,8,2022-02-15 03:07:09-07
75,7,2022-02-15 03:07:09-07
25,1,2022-02-15 03:07:09-07
55,3,2022-02-15 03:07:09-07
86,3,2022-02-15 03:07:09-07
31,6,2022-02-15 03:07:09-07
3,13,2022-02-15 03:07:09-07
73,9,2022-02-15 03:07:09-07
18,7,2022-02-15 03:07:09-07
13,4,2022-02-15 03:07:09-07
54,9,2022-02-15 03:07:09-07
64,11,2022-02-15 03:07:09-07
45,7,2022-02-15 03:07:09-07
84,16,2022-02-15 03:07:09-07
48,16,2022-02-15 03:07:09-07
1,10,2022-02-15 03:07:09-07
40,14,2022-02-15 03:07:09-07
60,5,2022-02-15 03:07:09-07
97,9,2022-02-15 03:07:09-07
46,15,2022-02-15 03:07:09-07
81,2,2022-02-15 03:07:09-07
27,4,2022-02-15 03:07:09-07
104,13,2022-02-15 03:07:09-07
24,6,2022-02-15 03:07:09-07
70,10,2022-02-15 03:07:09-07
96,13,2022-02-15 03:07:09-07
33,15,2022-02-15 03:07:09-07
34,7,2022-02-15 03:07:09-07
50,8,2022-02-15 03:07:09-07
10,3,2022-02-15 03:07:09-07
78,5,2022-02-15 03:07:09-07
49,12,2022-02-15 03:07:09-07
16,2,2022-02-15 03:07:09-07
98,2,2022-02-15 03:07:09-07
42,11,2022-02-15 03:07:09-07
41,16,2022-02-15 03:07:09-07
53,4,2022-02-15 03:07:09-07
213,2,2022-02-15 03:07:09-07
6,13,2022-02-15 03:07:09-07
105,10,2022-02-15 03:07:09-07
30,11,2022-02-15 03:07:09-07
7,1,2022-02-15 03:07:09-07
32,6,2022-02-15 03:07:09-07
103,12,2022-02-15 03:07:09-07
89,7,2022-02-15 03:07:09-07
15,5,2022-02-15 03:07:09-07
29,14,2022-02-15 03:07:09-07
38,13,2022-02-15 03:07:09-07
88,7,2022-02-15 03:07:09-07
82,2,2022-02-15 03:07:09-07
8,12,2022-02-15 03:07:09-07
11,8,2022-02-15 03:07:09-07
83,5,2022-02-15 03:07:09-07
20,14,2022-02-15 03:07:09-07
102,3,2022-02-15 03:07:09-07
22,11,2022-02-15 03:07:09-07
79,16,2022-02-15 03:07:09-07
4,8,2022-02-15 03:07:09-07
90,15,2022-02-15 03:07:09-07
76,1,2022-02-15 03:07:09-07
69,11,2022-02-15 03:07:09-07
47,4,2022-02-15 03:07:09-07
14,15,2022-02-15 03:07:09-07
28,10,2022-02-15 03:07:09-07
91,10,2022-02-15 03:07:09-07
71,13,2022-02-15 03:07:09-07
101,12,2022-02-15 03:07:09-07
52,10,2022-02-15 03:07:09-07
59,14,2022-02-15 03:07:09-07
23,6,2022-02-15 03:07:09-07
63,6,2022-02-15 03:07:09-07
87,15,2022-02-15 03:07:09-07
68,9,2022-02-15 03:07:09-07
51,6,2022-02-15 03:07:09-07
80,5,2022-02-15 03:07:09-07
26,7,2022-02-15 03:07:09-07
17,8,2022-02-15 03:07:09-07
19,4,2022-02-15 03:07:09-07
44,16,2022-02-15 03:07:09-07
67,5,2022-02-15 03:07:09-07
9,3,2022-02-15 03:07:09-07
36,3,2022-02-15 03:07:09-07
66,9,2022-02-15 03:07:09-07
74,1,2022-02-15 03:07:09-07
21,4,2022-02-15 03:07:09-07
72,16,2022-02-15 03:07:09-07
173,9,2022-02-15 03:07:09-07
160,14,2022-02-15 03:07:09-07
144,2,2022-02-15 03:07:09-07
119,15,2022-02-15 03:07:09-07
135,9,2022-02-15 03:07:09-07
130,7,2022-02-15 03:07:09-07
198,6,2022-02-15 03:07:09-07
107,15,2022-02-15 03:07:09-07
126,3,2022-02-15 03:07:09-07
156,1,2022-02-15 03:07:09-07
205,2,2022-02-15 03:07:09-07
201,10,2022-02-15 03:07:09-07
162,10,2022-02-15 03:07:09-07
197,5,2022-02-15 03:07:09-07
172,5,2022-02-15 03:07:09-07
141,14,2022-02-15 03:07:09-07
199,3,2022-02-15 03:07:09-07
200,13,2022-02-15 03:07:09-07
155,6,2022-02-15 03:07:09-07
184,1,2022-02-15 03:07:09-07
196,6,2022-02-15 03:07:09-07
154,12,2022-02-15 03:07:09-07
158,7,2022-02-15 03:07:09-07
139,8,2022-02-15 03:07:09-07
206,11,2022-02-15 03:07:09-07
164,15,2022-02-15 03:07:09-07
142,12,2022-02-15 03:07:09-07
122,16,2022-02-15 03:07:09-07
178,6,2022-02-15 03:07:09-07
159,15,2022-02-15 03:07:09-07
124,4,2022-02-15 03:07:09-07
123,14,2022-02-15 03:07:09-07
211,11,2022-02-15 03:07:09-07
140,15,2022-02-15 03:07:09-07
179,8,2022-02-15 03:07:09-07
163,11,2022-02-15 03:07:09-07
171,7,2022-02-15 03:07:09-07
204,16,2022-02-15 03:07:09-07
181,2,2022-02-15 03:07:09-07
134,4,2022-02-15 03:07:09-07
166,9,2022-02-15 03:07:09-07
108,3,2022-02-15 03:07:09-07
208,13,2022-02-15 03:07:09-07
212,12,2022-02-15 03:07:09-07
127,1,2022-02-15 03:07:09-07
114,3,2022-02-15 03:07:09-07
186,8,2022-02-15 03:07:09-07
203,13,2022-02-15 03:07:09-07
161,1,2022-02-15 03:07:09-07
207,7,2022-02-15 03:07:09-07
183,14,2022-02-15 03:07:09-07
176,13,2022-02-15 03:07:09-07
188,15,2022-02-15 03:07:09-07
195,9,2022-02-15 03:07:09-07
116,10,2022-02-15 03:07:09-07
147,15,2022-02-15 03:07:09-07
169,9,2022-02-15 03:07:09-07
120,10,2022-02-15 03:07:09-07
115,4,2022-02-15 03:07:09-07
157,13,2022-02-15 03:07:09-07
137,5,2022-02-15 03:07:09-07
174,14,2022-02-15 03:07:09-07
149,3,2022-02-15 03:07:09-07
136,16,2022-02-15 03:07:09-07
191,16,2022-02-15 03:07:09-07
113,1,2022-02-15 03:07:09-07
209,5,2022-02-15 03:07:09-07
202,4,2022-02-15 03:07:09-07
180,4,2022-02-15 03:07:09-07
132,8,2022-02-15 03:07:09-07
148,16,2022-02-15 03:07:09-07
194,1,2022-02-15 03:07:09-07
167,13,2022-02-15 03:07:09-07
109,8,2022-02-15 03:07:09-07
111,6,2022-02-15 03:07:09-07
153,14,2022-02-15 03:07:09-07
152,6,2022-02-15 03:07:09-07
145,12,2022-02-15 03:07:09-07
185,9,2022-02-15 03:07:09-07
151,12,2022-02-15 03:07:09-07
128,5,2022-02-15 03:07:09-07
146,8,2022-02-15 03:07:09-07
170,5,2022-02-15 03:07:09-07
129,12,2022-02-15 03:07:09-07
112,2,2022-02-15 03:07:09-07
165,4,2022-02-15 03:07:09-07
110,11,2022-02-15 03:07:09-07
193,10,2022-02-15 03:07:09-07
190,16,2022-02-15 03:07:09-07
125,11,2022-02-15 03:07:09-07
187,13,2022-02-15 03:07:09-07
121,2,2022-02-15 03:07:09-07
168,5,2022-02-15 03:07:09-07
143,11,2022-02-15 03:07:09-07
138,4,2022-02-15 03:07:09-07
177,10,2022-02-15 03:07:09-07
150,6,2022-02-15 03:07:09-07
133,14,2022-02-15 03:07:09-07
182,2,2022-02-15 03:07:09-07
118,3,2022-02-15 03:07:09-07
210,3,2022-02-15 03:07:09-07
192,12,2022-02-15 03:07:09-07
214,1,2022-02-15 03:07:09-07
189,7,2022-02-15 03:07:09-07
131,2,2022-02-15 03:07:09-07
117,16,2022-02-15 03:07:09-07
175,7,2022-02-15 03:07:09-07
305,6,2022-02-15 03:07:09-07
232,9,2022-02-15 03:07:09-07
252,10,2022-02-15 03:07:09-07
314,15,2022-02-15 03:07:09-07
302,16,2022-02-15 03:07:09-07
290,3,2022-02-15 03:07:09-07
298,13,2022-02-15 03:07:09-07
285,5,2022-02-15 03:07:09-07
286,10,2022-02-15 03:07:09-07
257,1,2022-02-15 03:07:09-07
278,11,2022-02-15 03:07:09-07
229,1,2022-02-15 03:07:09-07
242,11,2022-02-15 03:07:09-07
303,15,2022-02-15 03:07:09-07
269,16,2022-02-15 03:07:09-07
308,1,2022-02-15 03:07:09-07
239,10,2022-02-15 03:07:09-07
217,2,2022-02-15 03:07:09-07
299,4,2022-02-15 03:07:09-07
279,14,2022-02-15 03:07:09-07
247,8,2022-02-15 03:07:09-07
227,9,2022-02-15 03:07:09-07
246,6,2022-02-15 03:07:09-07
262,12,2022-02-15 03:07:09-07
264,11,2022-02-15 03:07:09-07
295,2,2022-02-15 03:07:09-07
319,13,2022-02-15 03:07:09-07
291,12,2022-02-15 03:07:09-07
260,16,2022-02-15 03:07:09-07
263,4,2022-02-15 03:07:09-07
306,2,2022-02-15 03:07:09-07
265,11,2022-02-15 03:07:09-07
226,13,2022-02-15 03:07:09-07
268,8,2022-02-15 03:07:09-07
231,4,2022-02-15 03:07:09-07
274,16,2022-02-15 03:07:09-07
221,15,2022-02-15 03:07:09-07
254,8,2022-02-15 03:07:09-07
287,10,2022-02-15 03:07:09-07
315,13,2022-02-15 03:07:09-07
307,14,2022-02-15 03:07:09-07
266,13,2022-02-15 03:07:09-07
272,10,2022-02-15 03:07:09-07
289,8,2022-02-15 03:07:09-07
384,15,2022-02-15 03:07:09-07
234,1,2022-02-15 03:07:09-07
292,11,2022-02-15 03:07:09-07
236,4,2022-02-15 03:07:09-07
288,6,2022-02-15 03:07:09-07
241,11,2022-02-15 03:07:09-07
283,8,2022-02-15 03:07:09-07
293,4,2022-02-15 03:07:09-07
219,5,2022-02-15 03:07:09-07
244,12,2022-02-15 03:07:09-07
245,10,2022-02-15 03:07:09-07
233,9,2022-02-15 03:07:09-07
256,6,2022-02-15 03:07:09-07
223,7,2022-02-15 03:07:09-07
320,7,2022-02-15 03:07:09-07
284,5,2022-02-15 03:07:09-07
300,3,2022-02-15 03:07:09-07
215,13,2022-02-15 03:07:09-07
317,14,2022-02-15 03:07:09-07
297,3,2022-02-15 03:07:09-07
253,6,2022-02-15 03:07:09-07
273,9,2022-02-15 03:07:09-07
316,6,2022-02-15 03:07:09-07
267,5,2022-02-15 03:07:09-07
270,12,2022-02-15 03:07:09-07
280,7,2022-02-15 03:07:09-07
248,12,2022-02-15 03:07:09-07
216,4,2022-02-15 03:07:09-07
301,3,2022-02-15 03:07:09-07
294,14,2022-02-15 03:07:09-07
275,7,2022-02-15 03:07:09-07
230,5,2022-02-15 03:07:09-07
259,10,2022-02-15 03:07:09-07
277,2,2022-02-15 03:07:09-07
240,7,2022-02-15 03:07:09-07
311,9,2022-02-15 03:07:09-07
224,12,2022-02-15 03:07:09-07
276,11,2022-02-15 03:07:09-07
313,9,2022-02-15 03:07:09-07
235,16,2022-02-15 03:07:09-07
255,1,2022-02-15 03:07:09-07
312,14,2022-02-15 03:07:09-07
282,15,2022-02-15 03:07:09-07
243,12,2022-02-15 03:07:09-07
258,1,2022-02-15 03:07:09-07
281,8,2022-02-15 03:07:09-07
261,16,2022-02-15 03:07:09-07
271,14,2022-02-15 03:07:09-07
304,9,2022-02-15 03:07:09-07
238,5,2022-02-15 03:07:09-07
222,13,2022-02-15 03:07:09-07
249,7,2022-02-15 03:07:09-07
237,3,2022-02-15 03:07:09-07
225,7,2022-02-15 03:07:09-07
318,15,2022-02-15 03:07:09-07
310,2,2022-02-15 03:07:09-07
309,14,2022-02-15 03:07:09-07
251,8,2022-02-15 03:07:09-07
220,16,2022-02-15 03:07:09-07
218,2,2022-02-15 03:07:09-07
250,3,2022-02-15 03:07:09-07
296,15,2022-02-15 03:07:09-07
228,1,2022-02-15 03:07:09-07
366,16,2022-02-15 03:07:09-07
389,8,2022-02-15 03:07:09-07
367,8,2022-02-15 03:07:09-07
341,12,2022-02-15 03:07:09-07
323,13,2022-02-15 03:07:09-07
346,12,2022-02-15 03:07:09-07
329,2,2022-02-15 03:07:09-07
339,12,2022-02-15 03:07:09-07
326,15,2022-02-15 03:07:09-07
335,14,2022-02-15 03:07:09-07
387,1,2022-02-15 03:07:09-07
343,14,2022-02-15 03:07:09-07
333,14,2022-02-15 03:07:09-07
347,9,2022-02-15 03:07:09-07
361,6,2022-02-15 03:07:09-07
428,13,2022-02-15 03:07:09-07
372,10,2022-02-15 03:07:09-07
413,2,2022-02-15 03:07:09-07
397,3,2022-02-15 03:07:09-07
324,3,2022-02-15 03:07:09-07
348,6,2022-02-15 03:07:09-07
399,6,2022-02-15 03:07:09-07
353,10,2022-02-15 03:07:09-07
419,4,2022-02-15 03:07:09-07
322,2,2022-02-15 03:07:09-07
327,11,2022-02-15 03:07:09-07
380,14,2022-02-15 03:07:09-07
351,7,2022-02-15 03:07:09-07
336,3,2022-02-15 03:07:09-07
392,6,2022-02-15 03:07:09-07
334,6,2022-02-15 03:07:09-07
409,11,2022-02-15 03:07:09-07
359,9,2022-02-15 03:07:09-07
371,13,2022-02-15 03:07:09-07
408,14,2022-02-15 03:07:09-07
338,1,2022-02-15 03:07:09-07
340,13,2022-02-15 03:07:09-07
364,3,2022-02-15 03:07:09-07
344,10,2022-02-15 03:07:09-07
378,10,2022-02-15 03:07:09-07
354,11,2022-02-15 03:07:09-07
331,5,2022-02-15 03:07:09-07
357,7,2022-02-15 03:07:09-07
401,9,2022-02-15 03:07:09-07
388,12,2022-02-15 03:07:09-07
381,6,2022-02-15 03:07:09-07
423,5,2022-02-15 03:07:09-07
358,9,2022-02-15 03:07:09-07
374,15,2022-02-15 03:07:09-07
368,11,2022-02-15 03:07:09-07
422,5,2022-02-15 03:07:09-07
377,2,2022-02-15 03:07:09-07
363,8,2022-02-15 03:07:09-07
355,5,2022-02-15 03:07:09-07
396,8,2022-02-15 03:07:09-07
337,3,2022-02-15 03:07:09-07
393,10,2022-02-15 03:07:09-07
421,5,2022-02-15 03:07:09-07
398,12,2022-02-15 03:07:09-07
400,4,2022-02-15 03:07:09-07
379,7,2022-02-15 03:07:09-07
417,15,2022-02-15 03:07:09-07
332,6,2022-02-15 03:07:09-07
406,10,2022-02-15 03:07:09-07
342,1,2022-02-15 03:07:09-07
385,9,2022-02-15 03:07:09-07
391,1,2022-02-15 03:07:09-07
350,13,2022-02-15 03:07:09-07
411,7,2022-02-15 03:07:09-07
369,9,2022-02-15 03:07:09-07
416,8,2022-02-15 03:07:09-07
330,15,2022-02-15 03:07:09-07
424,3,2022-02-15 03:07:09-07
328,16,2022-02-15 03:07:09-07
427,9,2022-02-15 03:07:09-07
404,4,2022-02-15 03:07:09-07
365,5,2022-02-15 03:07:09-07
383,1,2022-02-15 03:07:09-07
375,15,2022-02-15 03:07:09-07
360,8,2022-02-15 03:07:09-07
370,2,2022-02-15 03:07:09-07
403,4,2022-02-15 03:07:09-07
405,4,2022-02-15 03:07:09-07
349,16,2022-02-15 03:07:09-07
418,4,2022-02-15 03:07:09-07
394,4,2022-02-15 03:07:09-07
356,16,2022-02-15 03:07:09-07
352,2,2022-02-15 03:07:09-07
373,2,2022-02-15 03:07:09-07
345,11,2022-02-15 03:07:09-07
362,15,2022-02-15 03:07:09-07
325,12,2022-02-15 03:07:09-07
414,10,2022-02-15 03:07:09-07
321,16,2022-02-15 03:07:09-07
426,11,2022-02-15 03:07:09-07
395,7,2022-02-15 03:07:09-07
410,3,2022-02-15 03:07:09-07
386,1,2022-02-15 03:07:09-07
420,11,2022-02-15 03:07:09-07
425,13,2022-02-15 03:07:09-07
376,14,2022-02-15 03:07:09-07
390,16,2022-02-15 03:07:09-07
412,7,2022-02-15 03:07:09-07
407,7,2022-02-15 03:07:09-07
382,5,2022-02-15 03:07:09-07
402,8,2022-02-15 03:07:09-07
415,12,2022-02-15 03:07:09-07
493,14,2022-02-15 03:07:09-07
444,12,2022-02-15 03:07:09-07
461,16,2022-02-15 03:07:09-07
470,12,2022-02-15 03:07:09-07
505,10,2022-02-15 03:07:09-07
522,12,2022-02-15 03:07:09-07
443,11,2022-02-15 03:07:09-07
446,3,2022-02-15 03:07:09-07
532,11,2022-02-15 03:07:09-07
466,8,2022-02-15 03:07:09-07
464,15,2022-02-15 03:07:09-07
514,6,2022-02-15 03:07:09-07
456,1,2022-02-15 03:07:09-07
533,6,2022-02-15 03:07:09-07
516,14,2022-02-15 03:07:09-07
490,6,2022-02-15 03:07:09-07
441,14,2022-02-15 03:07:09-07
566,11,2022-02-15 03:07:09-07
430,10,2022-02-15 03:07:09-07
521,12,2022-02-15 03:07:09-07
454,15,2022-02-15 03:07:09-07
476,13,2022-02-15 03:07:09-07
462,1,2022-02-15 03:07:09-07
507,2,2022-02-15 03:07:09-07
451,9,2022-02-15 03:07:09-07
460,15,2022-02-15 03:07:09-07
528,10,2022-02-15 03:07:09-07
486,7,2022-02-15 03:07:09-07
469,14,2022-02-15 03:07:09-07
487,1,2022-02-15 03:07:09-07
457,2,2022-02-15 03:07:09-07
496,4,2022-02-15 03:07:09-07
499,16,2022-02-15 03:07:09-07
468,15,2022-02-15 03:07:09-07
529,4,2022-02-15 03:07:09-07
433,4,2022-02-15 03:07:09-07
524,10,2022-02-15 03:07:09-07
447,3,2022-02-15 03:07:09-07
510,6,2022-02-15 03:07:09-07
670,8,2022-02-15 03:07:09-07
512,15,2022-02-15 03:07:09-07
489,5,2022-02-15 03:07:09-07
497,9,2022-02-15 03:07:09-07
453,5,2022-02-15 03:07:09-07
530,4,2022-02-15 03:07:09-07
483,10,2022-02-15 03:07:09-07
477,5,2022-02-15 03:07:09-07
500,1,2022-02-15 03:07:09-07
488,3,2022-02-15 03:07:09-07
471,14,2022-02-15 03:07:09-07
523,5,2022-02-15 03:07:09-07
442,13,2022-02-15 03:07:09-07
479,1,2022-02-15 03:07:09-07
517,6,2022-02-15 03:07:09-07
502,13,2022-02-15 03:07:09-07
481,4,2022-02-15 03:07:09-07
437,7,2022-02-15 03:07:09-07
513,6,2022-02-15 03:07:09-07
435,2,2022-02-15 03:07:09-07
478,11,2022-02-15 03:07:09-07
495,10,2022-02-15 03:07:09-07
501,3,2022-02-15 03:07:09-07
482,16,2022-02-15 03:07:09-07
494,5,2022-02-15 03:07:09-07
458,6,2022-02-15 03:07:09-07
526,1,2022-02-15 03:07:09-07
439,5,2022-02-15 03:07:09-07
531,2,2022-02-15 03:07:09-07
452,7,2022-02-15 03:07:09-07
475,3,2022-02-15 03:07:09-07
518,9,2022-02-15 03:07:09-07
515,12,2022-02-15 03:07:09-07
445,14,2022-02-15 03:07:09-07
509,4,2022-02-15 03:07:09-07
520,7,2022-02-15 03:07:09-07
450,14,2022-02-15 03:07:09-07
429,4,2022-02-15 03:07:09-07
440,9,2022-02-15 03:07:09-07
504,2,2022-02-15 03:07:09-07
448,16,2022-02-15 03:07:09-07
492,2,2022-02-15 03:07:09-07
438,1,2022-02-15 03:07:09-07
480,8,2022-02-15 03:07:09-07
511,13,2022-02-15 03:07:09-07
436,2,2022-02-15 03:07:09-07
485,16,2022-02-15 03:07:09-07
467,7,2022-02-15 03:07:09-07
491,16,2022-02-15 03:07:09-07
503,12,2022-02-15 03:07:09-07
431,7,2022-02-15 03:07:09-07
472,9,2022-02-15 03:07:09-07
432,16,2022-02-15 03:07:09-07
455,8,2022-02-15 03:07:09-07
434,9,2022-02-15 03:07:09-07
473,13,2022-02-15 03:07:09-07
484,8,2022-02-15 03:07:09-07
508,11,2022-02-15 03:07:09-07
465,15,2022-02-15 03:07:09-07
527,7,2022-02-15 03:07:09-07
459,11,2022-02-15 03:07:09-07
498,13,2022-02-15 03:07:09-07
506,13,2022-02-15 03:07:09-07
519,3,2022-02-15 03:07:09-07
449,3,2022-02-15 03:07:09-07
474,15,2022-02-15 03:07:09-07
463,8,2022-02-15 03:07:09-07
525,5,2022-02-15 03:07:09-07
593,16,2022-02-15 03:07:09-07
603,5,2022-02-15 03:07:09-07
634,8,2022-02-15 03:07:09-07
623,5,2022-02-15 03:07:09-07
579,11,2022-02-15 03:07:09-07
589,14,2022-02-15 03:07:09-07
613,13,2022-02-15 03:07:09-07
584,12,2022-02-15 03:07:09-07
622,14,2022-02-15 03:07:09-07
543,11,2022-02-15 03:07:09-07
625,13,2022-02-15 03:07:09-07
600,11,2022-02-15 03:07:09-07
583,1,2022-02-15 03:07:09-07
572,2,2022-02-15 03:07:09-07
561,10,2022-02-15 03:07:09-07
618,8,2022-02-15 03:07:09-07
598,10,2022-02-15 03:07:09-07
556,15,2022-02-15 03:07:09-07
553,2,2022-02-15 03:07:09-07
563,14,2022-02-15 03:07:09-07
594,3,2022-02-15 03:07:09-07
574,12,2022-02-15 03:07:09-07
569,8,2022-02-15 03:07:09-07
641,13,2022-02-15 03:07:09-07
542,1,2022-02-15 03:07:09-07
620,13,2022-02-15 03:07:09-07
588,10,2022-02-15 03:07:09-07
602,14,2022-02-15 03:07:09-07
636,8,2022-02-15 03:07:09-07
554,12,2022-02-15 03:07:09-07
578,16,2022-02-15 03:07:09-07
592,2,2022-02-15 03:07:09-07
599,10,2022-02-15 03:07:09-07
552,6,2022-02-15 03:07:09-07
635,4,2022-02-15 03:07:09-07
627,9,2022-02-15 03:07:09-07
591,1,2022-02-15 03:07:09-07
576,13,2022-02-15 03:07:09-07
568,15,2022-02-15 03:07:09-07
539,5,2022-02-15 03:07:09-07
580,16,2022-02-15 03:07:09-07
633,16,2022-02-15 03:07:09-07
537,6,2022-02-15 03:07:09-07
606,9,2022-02-15 03:07:09-07
571,8,2022-02-15 03:07:09-07
546,1,2022-02-15 03:07:09-07
601,5,2022-02-15 03:07:09-07
621,9,2022-02-15 03:07:09-07
547,10,2022-02-15 03:07:09-07
551,13,2022-02-15 03:07:09-07
631,10,2022-02-15 03:07:09-07
637,11,2022-02-15 03:07:09-07
544,4,2022-02-15 03:07:09-07
604,11,2022-02-15 03:07:09-07
545,1,2022-02-15 03:07:09-07
540,7,2022-02-15 03:07:09-07
615,12,2022-02-15 03:07:09-07
619,9,2022-02-15 03:07:09-07
534,13,2022-02-15 03:07:09-07
630,3,2022-02-15 03:07:09-07
536,14,2022-02-15 03:07:09-07
609,12,2022-02-15 03:07:09-07
617,7,2022-02-15 03:07:09-07
585,5,2022-02-15 03:07:09-07
638,4,2022-02-15 03:07:09-07
559,16,2022-02-15 03:07:09-07
626,9,2022-02-15 03:07:09-07
590,14,2022-02-15 03:07:09-07
535,4,2022-02-15 03:07:09-07
605,15,2022-02-15 03:07:09-07
632,15,2022-02-15 03:07:09-07
565,6,2022-02-15 03:07:09-07
548,9,2022-02-15 03:07:09-07
558,12,2022-02-15 03:07:09-07
575,10,2022-02-15 03:07:09-07
628,11,2022-02-15 03:07:09-07
611,2,2022-02-15 03:07:09-07
629,2,2022-02-15 03:07:09-07
538,8,2022-02-15 03:07:09-07
614,11,2022-02-15 03:07:09-07
564,15,2022-02-15 03:07:09-07
560,6,2022-02-15 03:07:09-07
608,8,2022-02-15 03:07:09-07
607,16,2022-02-15 03:07:09-07
610,9,2022-02-15 03:07:09-07
587,15,2022-02-15 03:07:09-07
562,14,2022-02-15 03:07:09-07
624,3,2022-02-15 03:07:09-07
582,1,2022-02-15 03:07:09-07
612,7,2022-02-15 03:07:09-07
597,15,2022-02-15 03:07:09-07
550,2,2022-02-15 03:07:09-07
586,4,2022-02-15 03:07:09-07
567,6,2022-02-15 03:07:09-07
577,5,2022-02-15 03:07:09-07
640,4,2022-02-15 03:07:09-07
570,3,2022-02-15 03:07:09-07
573,16,2022-02-15 03:07:09-07
595,7,2022-02-15 03:07:09-07
555,3,2022-02-15 03:07:09-07
596,1,2022-02-15 03:07:09-07
581,7,2022-02-15 03:07:09-07
639,2,2022-02-15 03:07:09-07
549,12,2022-02-15 03:07:09-07
557,6,2022-02-15 03:07:09-07
616,7,2022-02-15 03:07:09-07
541,3,2022-02-15 03:07:09-07
718,2,2022-02-15 03:07:09-07
685,11,2022-02-15 03:07:09-07
645,1,2022-02-15 03:07:09-07
720,13,2022-02-15 03:07:09-07
724,4,2022-02-15 03:07:09-07
660,9,2022-02-15 03:07:09-07
729,3,2022-02-15 03:07:09-07
736,6,2022-02-15 03:07:09-07
675,16,2022-02-15 03:07:09-07
699,14,2022-02-15 03:07:09-07
676,3,2022-02-15 03:07:09-07
717,11,2022-02-15 03:07:09-07
712,15,2022-02-15 03:07:09-07
649,14,2022-02-15 03:07:09-07
658,2,2022-02-15 03:07:09-07
661,2,2022-02-15 03:07:09-07
689,13,2022-02-15 03:07:09-07
657,14,2022-02-15 03:07:09-07
741,10,2022-02-15 03:07:09-07
716,4,2022-02-15 03:07:09-07
734,5,2022-02-15 03:07:09-07
708,3,2022-02-15 03:07:09-07
683,13,2022-02-15 03:07:09-07
709,5,2022-02-15 03:07:09-07
702,11,2022-02-15 03:07:09-07
653,14,2022-02-15 03:07:09-07
643,15,2022-02-15 03:07:09-07
691,4,2022-02-15 03:07:09-07
656,15,2022-02-15 03:07:09-07
737,16,2022-02-15 03:07:09-07
678,8,2022-02-15 03:07:09-07
743,11,2022-02-15 03:07:09-07
644,2,2022-02-15 03:07:09-07
738,8,2022-02-15 03:07:09-07
694,1,2022-02-15 03:07:09-07
671,5,2022-02-15 03:07:09-07
665,13,2022-02-15 03:07:09-07
698,6,2022-02-15 03:07:09-07
719,2,2022-02-15 03:07:09-07
745,16,2022-02-15 03:07:09-07
686,14,2022-02-15 03:07:09-07
704,8,2022-02-15 03:07:09-07
654,12,2022-02-15 03:07:09-07
692,4,2022-02-15 03:07:09-07
682,5,2022-02-15 03:07:09-07
701,9,2022-02-15 03:07:09-07
706,11,2022-02-15 03:07:09-07
705,5,2022-02-15 03:07:09-07
648,10,2022-02-15 03:07:09-07
732,15,2022-02-15 03:07:09-07
786,1,2022-02-15 03:07:09-07
744,3,2022-02-15 03:07:09-07
742,7,2022-02-15 03:07:09-07
650,8,2022-02-15 03:07:09-07
679,6,2022-02-15 03:07:09-07
746,5,2022-02-15 03:07:09-07
684,13,2022-02-15 03:07:09-07
721,11,2022-02-15 03:07:09-07
681,7,2022-02-15 03:07:09-07
697,4,2022-02-15 03:07:09-07
726,7,2022-02-15 03:07:09-07
677,13,2022-02-15 03:07:09-07
662,10,2022-02-15 03:07:09-07
680,7,2022-02-15 03:07:09-07
673,12,2022-02-15 03:07:09-07
663,14,2022-02-15 03:07:09-07
747,12,2022-02-15 03:07:09-07
730,6,2022-02-15 03:07:09-07
664,3,2022-02-15 03:07:09-07
710,16,2022-02-15 03:07:09-07
674,4,2022-02-15 03:07:09-07
713,10,2022-02-15 03:07:09-07
740,12,2022-02-15 03:07:09-07
723,7,2022-02-15 03:07:09-07
731,1,2022-02-15 03:07:09-07
711,16,2022-02-15 03:07:09-07
722,15,2022-02-15 03:07:09-07
735,10,2022-02-15 03:07:09-07
688,4,2022-02-15 03:07:09-07
733,8,2022-02-15 03:07:09-07
647,3,2022-02-15 03:07:09-07
739,16,2022-02-15 03:07:09-07
728,7,2022-02-15 03:07:09-07
668,12,2022-02-15 03:07:09-07
748,12,2022-02-15 03:07:09-07
659,12,2022-02-15 03:07:09-07
655,9,2022-02-15 03:07:09-07
707,8,2022-02-15 03:07:09-07
672,6,2022-02-15 03:07:09-07
693,1,2022-02-15 03:07:09-07
700,9,2022-02-15 03:07:09-07
695,15,2022-02-15 03:07:09-07
666,9,2022-02-15 03:07:09-07
696,11,2022-02-15 03:07:09-07
669,8,2022-02-15 03:07:09-07
714,1,2022-02-15 03:07:09-07
690,6,2022-02-15 03:07:09-07
652,3,2022-02-15 03:07:09-07
651,6,2022-02-15 03:07:09-07
642,9,2022-02-15 03:07:09-07
715,2,2022-02-15 03:07:09-07
727,10,2022-02-15 03:07:09-07
667,10,2022-02-15 03:07:09-07
687,5,2022-02-15 03:07:09-07
703,7,2022-02-15 03:07:09-07
646,9,2022-02-15 03:07:09-07
725,13,2022-02-15 03:07:09-07
818,1,2022-02-15 03:07:09-07
769,3,2022-02-15 03:07:09-07
778,4,2022-02-15 03:07:09-07
833,8,2022-02-15 03:07:09-07
853,14,2022-02-15 03:07:09-07
828,1,2022-02-15 03:07:09-07
796,15,2022-02-15 03:07:09-07
836,8,2022-02-15 03:07:09-07
815,7,2022-02-15 03:07:09-07
811,9,2022-02-15 03:07:09-07
749,3,2022-02-15 03:07:09-07
782,14,2022-02-15 03:07:09-07
770,9,2022-02-15 03:07:09-07
789,13,2022-02-15 03:07:09-07
830,5,2022-02-15 03:07:09-07
756,7,2022-02-15 03:07:09-07
753,6,2022-02-15 03:07:09-07
783,6,2022-02-15 03:07:09-07
823,12,2022-02-15 03:07:09-07
754,1,2022-02-15 03:07:09-07
791,12,2022-02-15 03:07:09-07
798,14,2022-02-15 03:07:09-07
812,13,2022-02-15 03:07:09-07
841,10,2022-02-15 03:07:09-07
804,14,2022-02-15 03:07:09-07
819,16,2022-02-15 03:07:09-07
801,9,2022-02-15 03:07:09-07
821,3,2022-02-15 03:07:09-07
790,1,2022-02-15 03:07:09-07
755,13,2022-02-15 03:07:09-07
775,2,2022-02-15 03:07:09-07
768,2,2022-02-15 03:07:09-07
807,5,2022-02-15 03:07:09-07
767,8,2022-02-15 03:07:09-07
764,3,2022-02-15 03:07:09-07
774,1,2022-02-15 03:07:09-07
752,10,2022-02-15 03:07:09-07
849,9,2022-02-15 03:07:09-07
820,2,2022-02-15 03:07:09-07
834,2,2022-02-15 03:07:09-07
758,11,2022-02-15 03:07:09-07
816,4,2022-02-15 03:07:09-07
808,16,2022-02-15 03:07:09-07
844,8,2022-02-15 03:07:09-07
795,6,2022-02-15 03:07:09-07
806,15,2022-02-15 03:07:09-07
827,16,2022-02-15 03:07:09-07
784,6,2022-02-15 03:07:09-07
779,13,2022-02-15 03:07:09-07
826,5,2022-02-15 03:07:09-07
762,2,2022-02-15 03:07:09-07
845,1,2022-02-15 03:07:09-07
846,15,2022-02-15 03:07:09-07
797,12,2022-02-15 03:07:09-07
776,9,2022-02-15 03:07:09-07
848,4,2022-02-15 03:07:09-07
829,4,2022-02-15 03:07:09-07
851,3,2022-02-15 03:07:09-07
780,11,2022-02-15 03:07:09-07
824,14,2022-02-15 03:07:09-07
794,6,2022-02-15 03:07:09-07
814,7,2022-02-15 03:07:09-07
750,15,2022-02-15 03:07:09-07
763,10,2022-02-15 03:07:09-07
765,16,2022-02-15 03:07:09-07
751,8,2022-02-15 03:07:09-07
838,11,2022-02-15 03:07:09-07
773,16,2022-02-15 03:07:09-07
777,14,2022-02-15 03:07:09-07
787,10,2022-02-15 03:07:09-07
772,8,2022-02-15 03:07:09-07
832,3,2022-02-15 03:07:09-07
854,4,2022-02-15 03:07:09-07
843,14,2022-02-15 03:07:09-07
822,5,2022-02-15 03:07:09-07
813,12,2022-02-15 03:07:09-07
839,12,2022-02-15 03:07:09-07
817,16,2022-02-15 03:07:09-07
760,13,2022-02-15 03:07:09-07
788,16,2022-02-15 03:07:09-07
759,4,2022-02-15 03:07:09-07
872,9,2022-02-15 03:07:09-07
840,10,2022-02-15 03:07:09-07
761,13,2022-02-15 03:07:09-07
799,4,2022-02-15 03:07:09-07
810,11,2022-02-15 03:07:09-07
800,11,2022-02-15 03:07:09-07
847,12,2022-02-15 03:07:09-07
837,7,2022-02-15 03:07:09-07
831,5,2022-02-15 03:07:09-07
835,11,2022-02-15 03:07:09-07
785,1,2022-02-15 03:07:09-07
792,15,2022-02-15 03:07:09-07
803,8,2022-02-15 03:07:09-07
771,6,2022-02-15 03:07:09-07
757,5,2022-02-15 03:07:09-07
913,15,2022-02-15 03:07:09-07
781,2,2022-02-15 03:07:09-07
793,7,2022-02-15 03:07:09-07
805,15,2022-02-15 03:07:09-07
809,6,2022-02-15 03:07:09-07
766,7,2022-02-15 03:07:09-07
850,10,2022-02-15 03:07:09-07
852,5,2022-02-15 03:07:09-07
802,7,2022-02-15 03:07:09-07
825,3,2022-02-15 03:07:09-07
842,2,2022-02-15 03:07:09-07
955,11,2022-02-15 03:07:09-07
956,4,2022-02-15 03:07:09-07
958,9,2022-02-15 03:07:09-07
856,7,2022-02-15 03:07:09-07
869,14,2022-02-15 03:07:09-07
905,6,2022-02-15 03:07:09-07
903,10,2022-02-15 03:07:09-07
863,3,2022-02-15 03:07:09-07
963,14,2022-02-15 03:07:09-07
919,8,2022-02-15 03:07:09-07
876,6,2022-02-15 03:07:09-07
935,4,2022-02-15 03:07:09-07
855,3,2022-02-15 03:07:09-07
938,7,2022-02-15 03:07:09-07
894,11,2022-02-15 03:07:09-07
908,9,2022-02-15 03:07:09-07
898,8,2022-02-15 03:07:09-07
914,8,2022-02-15 03:07:09-07
928,11,2022-02-15 03:07:09-07
954,16,2022-02-15 03:07:09-07
873,9,2022-02-15 03:07:09-07
947,6,2022-02-15 03:07:09-07
902,9,2022-02-15 03:07:09-07
925,10,2022-02-15 03:07:09-07
934,12,2022-02-15 03:07:09-07
895,11,2022-02-15 03:07:09-07
870,15,2022-02-15 03:07:09-07
879,5,2022-02-15 03:07:09-07
899,12,2022-02-15 03:07:09-07
941,7,2022-02-15 03:07:09-07
932,7,2022-02-15 03:07:09-07
944,2,2022-02-15 03:07:09-07
951,12,2022-02-15 03:07:09-07
877,15,2022-02-15 03:07:09-07
923,8,2022-02-15 03:07:09-07
866,13,2022-02-15 03:07:09-07
885,9,2022-02-15 03:07:09-07
927,16,2022-02-15 03:07:09-07
952,10,2022-02-15 03:07:09-07
861,10,2022-02-15 03:07:09-07
890,6,2022-02-15 03:07:09-07
868,10,2022-02-15 03:07:09-07
918,2,2022-02-15 03:07:09-07
962,2,2022-02-15 03:07:09-07
930,1,2022-02-15 03:07:09-07
874,3,2022-02-15 03:07:09-07
937,9,2022-02-15 03:07:09-07
887,2,2022-02-15 03:07:09-07
960,1,2022-02-15 03:07:09-07
922,1,2022-02-15 03:07:09-07
959,12,2022-02-15 03:07:09-07
893,16,2022-02-15 03:07:09-07
860,2,2022-02-15 03:07:09-07
897,6,2022-02-15 03:07:09-07
892,1,2022-02-15 03:07:09-07
880,7,2022-02-15 03:07:09-07
936,13,2022-02-15 03:07:09-07
945,14,2022-02-15 03:07:09-07
888,6,2022-02-15 03:07:09-07
900,5,2022-02-15 03:07:09-07
883,8,2022-02-15 03:07:09-07
961,7,2022-02-15 03:07:09-07
943,8,2022-02-15 03:07:09-07
916,16,2022-02-15 03:07:09-07
953,16,2022-02-15 03:07:09-07
948,14,2022-02-15 03:07:09-07
910,2,2022-02-15 03:07:09-07
926,10,2022-02-15 03:07:09-07
857,13,2022-02-15 03:07:09-07
864,13,2022-02-15 03:07:09-07
929,9,2022-02-15 03:07:09-07
906,11,2022-02-15 03:07:09-07
931,13,2022-02-15 03:07:09-07
909,12,2022-02-15 03:07:09-07
881,11,2022-02-15 03:07:09-07
907,3,2022-02-15 03:07:09-07
949,11,2022-02-15 03:07:09-07
875,13,2022-02-15 03:07:09-07
862,3,2022-02-15 03:07:09-07
957,13,2022-02-15 03:07:09-07
950,3,2022-02-15 03:07:09-07
901,5,2022-02-15 03:07:09-07
920,12,2022-02-15 03:07:09-07
917,4,2022-02-15 03:07:09-07
942,16,2022-02-15 03:07:09-07
878,5,2022-02-15 03:07:09-07
911,15,2022-02-15 03:07:09-07
924,15,2022-02-15 03:07:09-07
882,1,2022-02-15 03:07:09-07
904,14,2022-02-15 03:07:09-07
915,10,2022-02-15 03:07:09-07
921,3,2022-02-15 03:07:09-07
933,4,2022-02-15 03:07:09-07
912,14,2022-02-15 03:07:09-07
946,4,2022-02-15 03:07:09-07
859,15,2022-02-15 03:07:09-07
867,2,2022-02-15 03:07:09-07
884,14,2022-02-15 03:07:09-07
891,1,2022-02-15 03:07:09-07
896,4,2022-02-15 03:07:09-07
871,15,2022-02-15 03:07:09-07
940,16,2022-02-15 03:07:09-07
889,15,2022-02-15 03:07:09-07
858,5,2022-02-15 03:07:09-07
865,12,2022-02-15 03:07:09-07
939,5,2022-02-15 03:07:09-07
886,1,2022-02-15 03:07:09-07
50,1,2022-02-15 03:07:09-07
989,7,2022-02-15 03:07:09-07
65,13,2022-02-15 03:07:09-07
27,11,2022-02-15 03:07:09-07
46,10,2022-02-15 03:07:09-07
4,12,2022-02-15 03:07:09-07
9,16,2022-02-15 03:07:09-07
996,3,2022-02-15 03:07:09-07
25,7,2022-02-15 03:07:09-07
970,13,2022-02-15 03:07:09-07
67,16,2022-02-15 03:07:09-07
23,5,2022-02-15 03:07:09-07
971,6,2022-02-15 03:07:09-07
53,16,2022-02-15 03:07:09-07
30,1,2022-02-15 03:07:09-07
985,14,2022-02-15 03:07:09-07
54,6,2022-02-15 03:07:09-07
38,4,2022-02-15 03:07:09-07
60,4,2022-02-15 03:07:09-07
14,12,2022-02-15 03:07:09-07
7,15,2022-02-15 03:07:09-07
28,11,2022-02-15 03:07:09-07
964,4,2022-02-15 03:07:09-07
55,14,2022-02-15 03:07:09-07
977,4,2022-02-15 03:07:09-07
3,1,2022-02-15 03:07:09-07
972,1,2022-02-15 03:07:09-07
16,11,2022-02-15 03:07:09-07
979,2,2022-02-15 03:07:09-07
58,5,2022-02-15 03:07:09-07
36,2,2022-02-15 03:07:09-07
10,10,2022-02-15 03:07:09-07
997,4,2022-02-15 03:07:09-07
981,4,2022-02-15 03:07:09-07
980,7,2022-02-15 03:07:09-07
4,6,2022-02-15 03:07:09-07
5,10,2022-02-15 03:07:09-07
949,10,2022-02-15 03:07:09-07
931,14,2022-02-15 03:07:09-07
940,10,2022-02-15 03:07:09-07
19,12,2022-02-15 03:07:09-07
984,9,2022-02-15 03:07:09-07
31,8,2022-02-15 03:07:09-07
959,2,2022-02-15 03:07:09-07
942,5,2022-02-15 03:07:09-07
947,14,2022-02-15 03:07:09-07
989,4,2022-02-15 03:07:09-07
938,12,2022-02-15 03:07:09-07
979,6,2022-02-15 03:07:09-07
29,13,2022-02-15 03:07:09-07
981,16,2022-02-15 03:07:09-07
965,1,2022-02-15 03:07:09-07
995,3,2022-02-15 03:07:09-07
977,15,2022-02-15 03:07:09-07
6,11,2022-02-15 03:07:09-07
69,7,2022-02-15 03:07:09-07
986,12,2022-02-15 03:07:09-07
999,12,2022-02-15 03:07:09-07
32,13,2022-02-15 03:07:09-07
61,15,2022-02-15 03:07:09-07
966,2,2022-02-15 03:07:09-07
987,8,2022-02-15 03:07:09-07
49,14,2022-02-15 03:07:09-07
12,6,2022-02-15 03:07:09-07
976,10,2022-02-15 03:07:09-07
41,13,2022-02-15 03:07:09-07
21,9,2022-02-15 03:07:09-07
984,12,2022-02-15 03:07:09-07
31,13,2022-02-15 03:07:09-07
11,10,2022-02-15 03:07:09-07
995,15,2022-02-15 03:07:09-07
1,13,2022-02-15 03:07:09-07
35,7,2022-02-15 03:07:09-07
974,8,2022-02-15 03:07:09-07
15,13,2022-02-15 03:07:09-07
993,5,2022-02-15 03:07:09-07
20,6,2022-02-15 03:07:09-07
29,9,2022-02-15 03:07:09-07
44,3,2022-02-15 03:07:09-07
968,3,2022-02-15 03:07:09-07
967,15,2022-02-15 03:07:09-07
66,15,2022-02-15 03:07:09-07
998,1,2022-02-15 03:07:09-07
983,5,2022-02-15 03:07:09-07
33,7,2022-02-15 03:07:09-07
988,3,2022-02-15 03:07:09-07
969,14,2022-02-15 03:07:09-07
24,10,2022-02-15 03:07:09-07
13,9,2022-02-15 03:07:09-07
34,10,2022-02-15 03:07:09-07
57,3,2022-02-15 03:07:09-07
56,10,2022-02-15 03:07:09-07
8,16,2022-02-15 03:07:09-07
43,4,2022-02-15 03:07:09-07
26,6,2022-02-15 03:07:09-07
965,8,2022-02-15 03:07:09-07
59,8,2022-02-15 03:07:09-07
994,8,2022-02-15 03:07:09-07
17,12,2022-02-15 03:07:09-07
40,12,2022-02-15 03:07:09-07
991,7,2022-02-15 03:07:09-07
19,15,2022-02-15 03:07:09-07
68,5,2022-02-15 03:07:09-07
45,6,2022-02-15 03:07:09-07
47,5,2022-02-15 03:07:09-07
990,8,2022-02-15 03:07:09-07
62,11,2022-02-15 03:07:09-07
5,2,2022-02-15 03:07:09-07
1000,14,2022-02-15 03:07:09-07
64,14,2022-02-15 03:07:09-07
51,3,2022-02-15 03:07:09-07
52,5,2022-02-15 03:07:09-07
42,9,2022-02-15 03:07:09-07
980,8,2022-02-15 03:07:09-07
39,9,2022-02-15 03:07:09-07
973,16,2022-02-15 03:07:09-07
982,1,2022-02-15 03:07:09-07
992,2,2022-02-15 03:07:09-07
2,14,2022-02-15 03:07:09-07
37,9,2022-02-15 03:07:09-07
975,9,2022-02-15 03:07:09-07
978,11,2022-02-15 03:07:09-07
75,2,2022-02-15 03:07:09-07
101,10,2022-02-15 03:07:09-07
141,12,2022-02-15 03:07:09-07
108,5,2022-02-15 03:07:09-07
121,5,2022-02-15 03:07:09-07
107,9,2022-02-15 03:07:09-07
91,15,2022-02-15 03:07:09-07
99,11,2022-02-15 03:07:09-07
74,14,2022-02-15 03:07:09-07
143,13,2022-02-15 03:07:09-07
95,3,2022-02-15 03:07:09-07
128,3,2022-02-15 03:07:09-07
172,10,2022-02-15 03:07:09-07
120,5,2022-02-15 03:07:09-07
85,1,2022-02-15 03:07:09-07
138,8,2022-02-15 03:07:09-07
153,6,2022-02-15 03:07:09-07
173,12,2022-02-15 03:07:09-07
117,15,2022-02-15 03:07:09-07
167,9,2022-02-15 03:07:09-07
144,14,2022-02-15 03:07:09-07
82,3,2022-02-15 03:07:09-07
126,2,2022-02-15 03:07:09-07
109,6,2022-02-15 03:07:09-07
125,8,2022-02-15 03:07:09-07
140,9,2022-02-15 03:07:09-07
83,7,2022-02-15 03:07:09-07
79,12,2022-02-15 03:07:09-07
88,1,2022-02-15 03:07:09-07
148,11,2022-02-15 03:07:09-07
124,8,2022-02-15 03:07:09-07
92,4,2022-02-15 03:07:09-07
96,16,2022-02-15 03:07:09-07
142,7,2022-02-15 03:07:09-07
112,5,2022-02-15 03:07:09-07
132,16,2022-02-15 03:07:09-07
136,11,2022-02-15 03:07:09-07
84,2,2022-02-15 03:07:09-07
146,2,2022-02-15 03:07:09-07
158,9,2022-02-15 03:07:09-07
90,16,2022-02-15 03:07:09-07
86,11,2022-02-15 03:07:09-07
89,4,2022-02-15 03:07:09-07
80,13,2022-02-15 03:07:09-07
164,6,2022-02-15 03:07:09-07
87,10,2022-02-15 03:07:09-07
169,8,2022-02-15 03:07:09-07
170,12,2022-02-15 03:07:09-07
122,14,2022-02-15 03:07:09-07
171,10,2022-02-15 03:07:09-07
100,14,2022-02-15 03:07:09-07
154,16,2022-02-15 03:07:09-07
123,6,2022-02-15 03:07:09-07
149,15,2022-02-15 03:07:09-07
159,9,2022-02-15 03:07:09-07
76,11,2022-02-15 03:07:09-07
157,9,2022-02-15 03:07:09-07
174,15,2022-02-15 03:07:09-07
73,13,2022-02-15 03:07:09-07
97,1,2022-02-15 03:07:09-07
118,1,2022-02-15 03:07:09-07
133,11,2022-02-15 03:07:09-07
102,13,2022-02-15 03:07:09-07
161,3,2022-02-15 03:07:09-07
116,7,2022-02-15 03:07:09-07
105,4,2022-02-15 03:07:09-07
115,1,2022-02-15 03:07:09-07
98,12,2022-02-15 03:07:09-07
145,16,2022-02-15 03:07:09-07
139,3,2022-02-15 03:07:09-07
160,12,2022-02-15 03:07:09-07
72,6,2022-02-15 03:07:09-07
93,15,2022-02-15 03:07:09-07
110,6,2022-02-15 03:07:09-07
175,9,2022-02-15 03:07:09-07
70,2,2022-02-15 03:07:09-07
103,10,2022-02-15 03:07:09-07
114,10,2022-02-15 03:07:09-07
176,4,2022-02-15 03:07:09-07
151,5,2022-02-15 03:07:09-07
150,3,2022-02-15 03:07:09-07
104,3,2022-02-15 03:07:09-07
78,4,2022-02-15 03:07:09-07
94,14,2022-02-15 03:07:09-07
147,8,2022-02-15 03:07:09-07
156,7,2022-02-15 03:07:09-07
77,4,2022-02-15 03:07:09-07
81,13,2022-02-15 03:07:09-07
134,14,2022-02-15 03:07:09-07
152,15,2022-02-15 03:07:09-07
129,16,2022-02-15 03:07:09-07
111,7,2022-02-15 03:07:09-07
71,7,2022-02-15 03:07:09-07
135,8,2022-02-15 03:07:09-07
163,16,2022-02-15 03:07:09-07
113,13,2022-02-15 03:07:09-07
166,7,2022-02-15 03:07:09-07
106,1,2022-02-15 03:07:09-07
130,8,2022-02-15 03:07:09-07
162,2,2022-02-15 03:07:09-07
218,1,2022-02-15 03:07:09-07
282,1,2022-02-15 03:07:09-07
219,9,2022-02-15 03:07:09-07
275,9,2022-02-15 03:07:09-07
183,2,2022-02-15 03:07:09-07
257,10,2022-02-15 03:07:09-07
235,13,2022-02-15 03:07:09-07
230,14,2022-02-15 03:07:09-07
190,2,2022-02-15 03:07:09-07
205,6,2022-02-15 03:07:09-07
188,8,2022-02-15 03:07:09-07
244,9,2022-02-15 03:07:09-07
277,15,2022-02-15 03:07:09-07
249,10,2022-02-15 03:07:09-07
179,4,2022-02-15 03:07:09-07
246,4,2022-02-15 03:07:09-07
181,4,2022-02-15 03:07:09-07
247,2,2022-02-15 03:07:09-07
240,12,2022-02-15 03:07:09-07
228,14,2022-02-15 03:07:09-07
234,9,2022-02-15 03:07:09-07
210,2,2022-02-15 03:07:09-07
199,13,2022-02-15 03:07:09-07
196,9,2022-02-15 03:07:09-07
215,8,2022-02-15 03:07:09-07
252,6,2022-02-15 03:07:09-07
266,3,2022-02-15 03:07:09-07
184,10,2022-02-15 03:07:09-07
276,14,2022-02-15 03:07:09-07
221,7,2022-02-15 03:07:09-07
202,15,2022-02-15 03:07:09-07
223,2,2022-02-15 03:07:09-07
222,5,2022-02-15 03:07:09-07
186,7,2022-02-15 03:07:09-07
279,2,2022-02-15 03:07:09-07
207,3,2022-02-15 03:07:09-07
177,12,2022-02-15 03:07:09-07
264,15,2022-02-15 03:07:09-07
187,11,2022-02-15 03:07:09-07
203,15,2022-02-15 03:07:09-07
225,13,2022-02-15 03:07:09-07
231,1,2022-02-15 03:07:09-07
258,13,2022-02-15 03:07:09-07
195,4,2022-02-15 03:07:09-07
214,5,2022-02-15 03:07:09-07
191,12,2022-02-15 03:07:09-07
224,13,2022-02-15 03:07:09-07
233,5,2022-02-15 03:07:09-07
268,16,2022-02-15 03:07:09-07
200,10,2022-02-15 03:07:09-07
273,5,2022-02-15 03:07:09-07
220,14,2022-02-15 03:07:09-07
198,1,2022-02-15 03:07:09-07
250,12,2022-02-15 03:07:09-07
211,13,2022-02-15 03:07:09-07
267,11,2022-02-15 03:07:09-07
209,3,2022-02-15 03:07:09-07
229,14,2022-02-15 03:07:09-07
238,15,2022-02-15 03:07:09-07
208,3,2022-02-15 03:07:09-07
194,16,2022-02-15 03:07:09-07
243,6,2022-02-15 03:07:09-07
212,7,2022-02-15 03:07:09-07
245,6,2022-02-15 03:07:09-07
197,7,2022-02-15 03:07:09-07
262,3,2022-02-15 03:07:09-07
265,1,2022-02-15 03:07:09-07
193,5,2022-02-15 03:07:09-07
236,11,2022-02-15 03:07:09-07
254,1,2022-02-15 03:07:09-07
253,10,2022-02-15 03:07:09-07
242,15,2022-02-15 03:07:09-07
271,16,2022-02-15 03:07:09-07
232,7,2022-02-15 03:07:09-07
259,16,2022-02-15 03:07:09-07
261,12,2022-02-15 03:07:09-07
272,8,2022-02-15 03:07:09-07
248,14,2022-02-15 03:07:09-07
182,5,2022-02-15 03:07:09-07
217,15,2022-02-15 03:07:09-07
255,13,2022-02-15 03:07:09-07
241,10,2022-02-15 03:07:09-07
239,3,2022-02-15 03:07:09-07
280,8,2022-02-15 03:07:09-07
384,6,2022-02-15 03:07:09-07
192,7,2022-02-15 03:07:09-07
185,2,2022-02-15 03:07:09-07
283,11,2022-02-15 03:07:09-07
237,1,2022-02-15 03:07:09-07
201,3,2022-02-15 03:07:09-07
274,14,2022-02-15 03:07:09-07
189,12,2022-02-15 03:07:09-07
216,12,2022-02-15 03:07:09-07
270,4,2022-02-15 03:07:09-07
226,11,2022-02-15 03:07:09-07
178,10,2022-02-15 03:07:09-07
379,12,2022-02-15 03:07:09-07
363,16,2022-02-15 03:07:09-07
296,12,2022-02-15 03:07:09-07
346,3,2022-02-15 03:07:09-07
317,4,2022-02-15 03:07:09-07
300,5,2022-02-15 03:07:09-07
339,4,2022-02-15 03:07:09-07
299,1,2022-02-15 03:07:09-07
322,4,2022-02-15 03:07:09-07
360,4,2022-02-15 03:07:09-07
315,6,2022-02-15 03:07:09-07
284,14,2022-02-15 03:07:09-07
389,13,2022-02-15 03:07:09-07
303,6,2022-02-15 03:07:09-07
287,1,2022-02-15 03:07:09-07
366,7,2022-02-15 03:07:09-07
356,12,2022-02-15 03:07:09-07
318,5,2022-02-15 03:07:09-07
286,15,2022-02-15 03:07:09-07
387,8,2022-02-15 03:07:09-07
372,6,2022-02-15 03:07:09-07
352,7,2022-02-15 03:07:09-07
385,8,2022-02-15 03:07:09-07
377,4,2022-02-15 03:07:09-07
297,12,2022-02-15 03:07:09-07
308,5,2022-02-15 03:07:09-07
325,16,2022-02-15 03:07:09-07
320,3,2022-02-15 03:07:09-07
338,9,2022-02-15 03:07:09-07
295,11,2022-02-15 03:07:09-07
298,15,2022-02-15 03:07:09-07
353,15,2022-02-15 03:07:09-07
371,5,2022-02-15 03:07:09-07
311,16,2022-02-15 03:07:09-07
344,11,2022-02-15 03:07:09-07
329,11,2022-02-15 03:07:09-07
288,16,2022-02-15 03:07:09-07
351,10,2022-02-15 03:07:09-07
342,12,2022-02-15 03:07:09-07
365,10,2022-02-15 03:07:09-07
355,15,2022-02-15 03:07:09-07
337,5,2022-02-15 03:07:09-07
350,9,2022-02-15 03:07:09-07
312,8,2022-02-15 03:07:09-07
340,10,2022-02-15 03:07:09-07
368,7,2022-02-15 03:07:09-07
328,9,2022-02-15 03:07:09-07
326,6,2022-02-15 03:07:09-07
335,5,2022-02-15 03:07:09-07
316,1,2022-02-15 03:07:09-07
309,9,2022-02-15 03:07:09-07
293,9,2022-02-15 03:07:09-07
341,10,2022-02-15 03:07:09-07
380,8,2022-02-15 03:07:09-07
334,14,2022-02-15 03:07:09-07
369,1,2022-02-15 03:07:09-07
358,2,2022-02-15 03:07:09-07
291,9,2022-02-15 03:07:09-07
331,7,2022-02-15 03:07:09-07
305,15,2022-02-15 03:07:09-07
374,13,2022-02-15 03:07:09-07
391,2,2022-02-15 03:07:09-07
294,11,2022-02-15 03:07:09-07
370,16,2022-02-15 03:07:09-07
367,11,2022-02-15 03:07:09-07
386,14,2022-02-15 03:07:09-07
332,12,2022-02-15 03:07:09-07
343,6,2022-02-15 03:07:09-07
348,13,2022-02-15 03:07:09-07
345,14,2022-02-15 03:07:09-07
390,13,2022-02-15 03:07:09-07
349,13,2022-02-15 03:07:09-07
381,7,2022-02-15 03:07:09-07
362,10,2022-02-15 03:07:09-07
321,15,2022-02-15 03:07:09-07
307,8,2022-02-15 03:07:09-07
354,3,2022-02-15 03:07:09-07
314,11,2022-02-15 03:07:09-07
310,6,2022-02-15 03:07:09-07
361,9,2022-02-15 03:07:09-07
327,1,2022-02-15 03:07:09-07
357,5,2022-02-15 03:07:09-07
301,13,2022-02-15 03:07:09-07
290,14,2022-02-15 03:07:09-07
289,2,2022-02-15 03:07:09-07
388,4,2022-02-15 03:07:09-07
382,2,2022-02-15 03:07:09-07
347,1,2022-02-15 03:07:09-07
383,3,2022-02-15 03:07:09-07
304,7,2022-02-15 03:07:09-07
285,6,2022-02-15 03:07:09-07
302,3,2022-02-15 03:07:09-07
364,8,2022-02-15 03:07:09-07
333,8,2022-02-15 03:07:09-07
313,10,2022-02-15 03:07:09-07
323,16,2022-02-15 03:07:09-07
359,12,2022-02-15 03:07:09-07
330,14,2022-02-15 03:07:09-07
306,15,2022-02-15 03:07:09-07
336,2,2022-02-15 03:07:09-07
375,7,2022-02-15 03:07:09-07
435,10,2022-02-15 03:07:09-07
412,10,2022-02-15 03:07:09-07
492,16,2022-02-15 03:07:09-07
451,1,2022-02-15 03:07:09-07
404,3,2022-02-15 03:07:09-07
395,8,2022-02-15 03:07:09-07
494,3,2022-02-15 03:07:09-07
423,3,2022-02-15 03:07:09-07
436,8,2022-02-15 03:07:09-07
411,16,2022-02-15 03:07:09-07
424,14,2022-02-15 03:07:09-07
486,1,2022-02-15 03:07:09-07
405,16,2022-02-15 03:07:09-07
480,2,2022-02-15 03:07:09-07
399,8,2022-02-15 03:07:09-07
430,1,2022-02-15 03:07:09-07
479,9,2022-02-15 03:07:09-07
493,5,2022-02-15 03:07:09-07
392,14,2022-02-15 03:07:09-07
410,14,2022-02-15 03:07:09-07
393,2,2022-02-15 03:07:09-07
487,6,2022-02-15 03:07:09-07
402,12,2022-02-15 03:07:09-07
443,13,2022-02-15 03:07:09-07
418,7,2022-02-15 03:07:09-07
414,12,2022-02-15 03:07:09-07
483,12,2022-02-15 03:07:09-07
485,3,2022-02-15 03:07:09-07
408,13,2022-02-15 03:07:09-07
566,2,2022-02-15 03:07:09-07
406,7,2022-02-15 03:07:09-07
456,10,2022-02-15 03:07:09-07
470,9,2022-02-15 03:07:09-07
432,13,2022-02-15 03:07:09-07
474,10,2022-02-15 03:07:09-07
422,12,2022-02-15 03:07:09-07
469,15,2022-02-15 03:07:09-07
400,1,2022-02-15 03:07:09-07
401,8,2022-02-15 03:07:09-07
489,3,2022-02-15 03:07:09-07
448,6,2022-02-15 03:07:09-07
440,5,2022-02-15 03:07:09-07
403,14,2022-02-15 03:07:09-07
468,6,2022-02-15 03:07:09-07
429,13,2022-02-15 03:07:09-07
461,13,2022-02-15 03:07:09-07
454,6,2022-02-15 03:07:09-07
427,16,2022-02-15 03:07:09-07
417,9,2022-02-15 03:07:09-07
428,6,2022-02-15 03:07:09-07
482,10,2022-02-15 03:07:09-07
452,3,2022-02-15 03:07:09-07
409,10,2022-02-15 03:07:09-07
425,10,2022-02-15 03:07:09-07
439,16,2022-02-15 03:07:09-07
407,8,2022-02-15 03:07:09-07
447,16,2022-02-15 03:07:09-07
463,1,2022-02-15 03:07:09-07
415,9,2022-02-15 03:07:09-07
475,11,2022-02-15 03:07:09-07
457,4,2022-02-15 03:07:09-07
488,16,2022-02-15 03:07:09-07
476,9,2022-02-15 03:07:09-07
442,8,2022-02-15 03:07:09-07
396,13,2022-02-15 03:07:09-07
446,2,2022-02-15 03:07:09-07
450,7,2022-02-15 03:07:09-07
455,3,2022-02-15 03:07:09-07
441,11,2022-02-15 03:07:09-07
413,4,2022-02-15 03:07:09-07
416,2,2022-02-15 03:07:09-07
398,15,2022-02-15 03:07:09-07
491,1,2022-02-15 03:07:09-07
462,5,2022-02-15 03:07:09-07
444,1,2022-02-15 03:07:09-07
481,2,2022-02-15 03:07:09-07
464,2,2022-02-15 03:07:09-07
449,8,2022-02-15 03:07:09-07
421,7,2022-02-15 03:07:09-07
473,12,2022-02-15 03:07:09-07
467,15,2022-02-15 03:07:09-07
466,9,2022-02-15 03:07:09-07
445,4,2022-02-15 03:07:09-07
484,7,2022-02-15 03:07:09-07
397,15,2022-02-15 03:07:09-07
472,5,2022-02-15 03:07:09-07
497,12,2022-02-15 03:07:09-07
495,9,2022-02-15 03:07:09-07
438,6,2022-02-15 03:07:09-07
458,4,2022-02-15 03:07:09-07
478,7,2022-02-15 03:07:09-07
434,5,2022-02-15 03:07:09-07
431,11,2022-02-15 03:07:09-07
419,14,2022-02-15 03:07:09-07
503,3,2022-02-15 03:07:09-07
598,15,2022-02-15 03:07:09-07
532,8,2022-02-15 03:07:09-07
584,1,2022-02-15 03:07:09-07
586,15,2022-02-15 03:07:09-07
561,2,2022-02-15 03:07:09-07
542,10,2022-02-15 03:07:09-07
547,4,2022-02-15 03:07:09-07
517,13,2022-02-15 03:07:09-07
504,13,2022-02-15 03:07:09-07
582,8,2022-02-15 03:07:09-07
505,1,2022-02-15 03:07:09-07
528,16,2022-02-15 03:07:09-07
552,7,2022-02-15 03:07:09-07
520,11,2022-02-15 03:07:09-07
549,15,2022-02-15 03:07:09-07
600,5,2022-02-15 03:07:09-07
567,9,2022-02-15 03:07:09-07
509,12,2022-02-15 03:07:09-07
544,2,2022-02-15 03:07:09-07
559,4,2022-02-15 03:07:09-07
565,7,2022-02-15 03:07:09-07
562,8,2022-02-15 03:07:09-07
596,14,2022-02-15 03:07:09-07
558,6,2022-02-15 03:07:09-07
516,9,2022-02-15 03:07:09-07
568,11,2022-02-15 03:07:09-07
590,1,2022-02-15 03:07:09-07
524,6,2022-02-15 03:07:09-07
545,14,2022-02-15 03:07:09-07
576,16,2022-02-15 03:07:09-07
591,9,2022-02-15 03:07:09-07
563,7,2022-02-15 03:07:09-07
529,10,2022-02-15 03:07:09-07
539,8,2022-02-15 03:07:09-07
500,6,2022-02-15 03:07:09-07
551,16,2022-02-15 03:07:09-07
581,4,2022-02-15 03:07:09-07
587,6,2022-02-15 03:07:09-07
557,12,2022-02-15 03:07:09-07
578,15,2022-02-15 03:07:09-07
604,5,2022-02-15 03:07:09-07
571,10,2022-02-15 03:07:09-07
579,16,2022-02-15 03:07:09-07
570,4,2022-02-15 03:07:09-07
499,7,2022-02-15 03:07:09-07
594,11,2022-02-15 03:07:09-07
510,16,2022-02-15 03:07:09-07
501,13,2022-02-15 03:07:09-07
525,3,2022-02-15 03:07:09-07
519,1,2022-02-15 03:07:09-07
536,9,2022-02-15 03:07:09-07
574,3,2022-02-15 03:07:09-07
513,2,2022-02-15 03:07:09-07
531,14,2022-02-15 03:07:09-07
540,12,2022-02-15 03:07:09-07
556,11,2022-02-15 03:07:09-07
580,13,2022-02-15 03:07:09-07
506,4,2022-02-15 03:07:09-07
577,9,2022-02-15 03:07:09-07
514,1,2022-02-15 03:07:09-07
554,14,2022-02-15 03:07:09-07
597,6,2022-02-15 03:07:09-07
522,1,2022-02-15 03:07:09-07
535,5,2022-02-15 03:07:09-07
564,11,2022-02-15 03:07:09-07
569,14,2022-02-15 03:07:09-07
511,7,2022-02-15 03:07:09-07
518,2,2022-02-15 03:07:09-07
541,4,2022-02-15 03:07:09-07
603,12,2022-02-15 03:07:09-07
575,11,2022-02-15 03:07:09-07
560,13,2022-02-15 03:07:09-07
533,3,2022-02-15 03:07:09-07
592,1,2022-02-15 03:07:09-07
602,7,2022-02-15 03:07:09-07
546,10,2022-02-15 03:07:09-07
515,3,2022-02-15 03:07:09-07
530,3,2022-02-15 03:07:09-07
523,13,2022-02-15 03:07:09-07
543,10,2022-02-15 03:07:09-07
595,12,2022-02-15 03:07:09-07
537,10,2022-02-15 03:07:09-07
534,5,2022-02-15 03:07:09-07
538,14,2022-02-15 03:07:09-07
508,15,2022-02-15 03:07:09-07
583,6,2022-02-15 03:07:09-07
573,5,2022-02-15 03:07:09-07
601,8,2022-02-15 03:07:09-07
553,11,2022-02-15 03:07:09-07
548,14,2022-02-15 03:07:09-07
588,15,2022-02-15 03:07:09-07
589,4,2022-02-15 03:07:09-07
498,16,2022-02-15 03:07:09-07
550,16,2022-02-15 03:07:09-07
593,5,2022-02-15 03:07:09-07
599,3,2022-02-15 03:07:09-07
527,9,2022-02-15 03:07:09-07
512,2,2022-02-15 03:07:09-07
526,2,2022-02-15 03:07:09-07
555,15,2022-02-15 03:07:09-07
572,12,2022-02-15 03:07:09-07
702,10,2022-02-15 03:07:09-07
695,11,2022-02-15 03:07:09-07
641,14,2022-02-15 03:07:09-07
634,7,2022-02-15 03:07:09-07
684,12,2022-02-15 03:07:09-07
691,15,2022-02-15 03:07:09-07
644,5,2022-02-15 03:07:09-07
709,14,2022-02-15 03:07:09-07
614,6,2022-02-15 03:07:09-07
650,4,2022-02-15 03:07:09-07
689,8,2022-02-15 03:07:09-07
680,16,2022-02-15 03:07:09-07
648,13,2022-02-15 03:07:09-07
620,2,2022-02-15 03:07:09-07
669,3,2022-02-15 03:07:09-07
676,15,2022-02-15 03:07:09-07
693,6,2022-02-15 03:07:09-07
639,13,2022-02-15 03:07:09-07
613,9,2022-02-15 03:07:09-07
642,1,2022-02-15 03:07:09-07
664,14,2022-02-15 03:07:09-07
707,12,2022-02-15 03:07:09-07
656,4,2022-02-15 03:07:09-07
655,4,2022-02-15 03:07:09-07
651,9,2022-02-15 03:07:09-07
616,13,2022-02-15 03:07:09-07
617,15,2022-02-15 03:07:09-07
701,14,2022-02-15 03:07:09-07
692,3,2022-02-15 03:07:09-07
658,16,2022-02-15 03:07:09-07
674,7,2022-02-15 03:07:09-07
690,11,2022-02-15 03:07:09-07
624,4,2022-02-15 03:07:09-07
665,6,2022-02-15 03:07:09-07
663,16,2022-02-15 03:07:09-07
628,9,2022-02-15 03:07:09-07
705,8,2022-02-15 03:07:09-07
710,4,2022-02-15 03:07:09-07
654,11,2022-02-15 03:07:09-07
619,1,2022-02-15 03:07:09-07
605,16,2022-02-15 03:07:09-07
661,16,2022-02-15 03:07:09-07
698,8,2022-02-15 03:07:09-07
627,10,2022-02-15 03:07:09-07
612,10,2022-02-15 03:07:09-07
611,13,2022-02-15 03:07:09-07
609,15,2022-02-15 03:07:09-07
700,4,2022-02-15 03:07:09-07
666,8,2022-02-15 03:07:09-07
633,2,2022-02-15 03:07:09-07
677,15,2022-02-15 03:07:09-07
606,6,2022-02-15 03:07:09-07
632,2,2022-02-15 03:07:09-07
711,5,2022-02-15 03:07:09-07
631,6,2022-02-15 03:07:09-07
652,11,2022-02-15 03:07:09-07
715,5,2022-02-15 03:07:09-07
683,1,2022-02-15 03:07:09-07
629,16,2022-02-15 03:07:09-07
704,3,2022-02-15 03:07:09-07
662,11,2022-02-15 03:07:09-07
699,11,2022-02-15 03:07:09-07
673,11,2022-02-15 03:07:09-07
667,9,2022-02-15 03:07:09-07
697,9,2022-02-15 03:07:09-07
649,10,2022-02-15 03:07:09-07
703,8,2022-02-15 03:07:09-07
668,7,2022-02-15 03:07:09-07
708,12,2022-02-15 03:07:09-07
643,3,2022-02-15 03:07:09-07
623,10,2022-02-15 03:07:09-07
672,10,2022-02-15 03:07:09-07
638,16,2022-02-15 03:07:09-07
635,1,2022-02-15 03:07:09-07
694,12,2022-02-15 03:07:09-07
621,6,2022-02-15 03:07:09-07
647,13,2022-02-15 03:07:09-07
660,15,2022-02-15 03:07:09-07
685,3,2022-02-15 03:07:09-07
640,8,2022-02-15 03:07:09-07
686,13,2022-02-15 03:07:09-07
622,5,2022-02-15 03:07:09-07
653,12,2022-02-15 03:07:09-07
681,12,2022-02-15 03:07:09-07
615,1,2022-02-15 03:07:09-07
688,7,2022-02-15 03:07:09-07
625,14,2022-02-15 03:07:09-07
706,7,2022-02-15 03:07:09-07
630,10,2022-02-15 03:07:09-07
646,12,2022-02-15 03:07:09-07
679,15,2022-02-15 03:07:09-07
696,3,2022-02-15 03:07:09-07
675,14,2022-02-15 03:07:09-07
645,7,2022-02-15 03:07:09-07
626,2,2022-02-15 03:07:09-07
618,7,2022-02-15 03:07:09-07
657,6,2022-02-15 03:07:09-07
607,9,2022-02-15 03:07:09-07
659,1,2022-02-15 03:07:09-07
687,14,2022-02-15 03:07:09-07
637,2,2022-02-15 03:07:09-07
608,2,2022-02-15 03:07:09-07
636,13,2022-02-15 03:07:09-07
759,3,2022-02-15 03:07:09-07
734,11,2022-02-15 03:07:09-07
801,6,2022-02-15 03:07:09-07
736,1,2022-02-15 03:07:09-07
737,13,2022-02-15 03:07:09-07
742,4,2022-02-15 03:07:09-07
812,6,2022-02-15 03:07:09-07
758,16,2022-02-15 03:07:09-07
725,12,2022-02-15 03:07:09-07
747,16,2022-02-15 03:07:09-07
720,6,2022-02-15 03:07:09-07
751,7,2022-02-15 03:07:09-07
719,7,2022-02-15 03:07:09-07
781,10,2022-02-15 03:07:09-07
809,16,2022-02-15 03:07:09-07
755,15,2022-02-15 03:07:09-07
750,10,2022-02-15 03:07:09-07
793,13,2022-02-15 03:07:09-07
730,11,2022-02-15 03:07:09-07
713,1,2022-02-15 03:07:09-07
754,10,2022-02-15 03:07:09-07
778,2,2022-02-15 03:07:09-07
768,9,2022-02-15 03:07:09-07
779,3,2022-02-15 03:07:09-07
732,3,2022-02-15 03:07:09-07
798,3,2022-02-15 03:07:09-07
813,9,2022-02-15 03:07:09-07
807,13,2022-02-15 03:07:09-07
752,9,2022-02-15 03:07:09-07
767,12,2022-02-15 03:07:09-07
723,9,2022-02-15 03:07:09-07
775,4,2022-02-15 03:07:09-07
749,13,2022-02-15 03:07:09-07
776,11,2022-02-15 03:07:09-07
803,14,2022-02-15 03:07:09-07
797,2,2022-02-15 03:07:09-07
728,4,2022-02-15 03:07:09-07
814,2,2022-02-15 03:07:09-07
722,13,2022-02-15 03:07:09-07
784,2,2022-02-15 03:07:09-07
804,5,2022-02-15 03:07:09-07
806,5,2022-02-15 03:07:09-07
745,9,2022-02-15 03:07:09-07
724,15,2022-02-15 03:07:09-07
718,7,2022-02-15 03:07:09-07
764,11,2022-02-15 03:07:09-07
810,1,2022-02-15 03:07:09-07
805,3,2022-02-15 03:07:09-07
726,14,2022-02-15 03:07:09-07
731,12,2022-02-15 03:07:09-07
763,12,2022-02-15 03:07:09-07
766,10,2022-02-15 03:07:09-07
780,14,2022-02-15 03:07:09-07
818,15,2022-02-15 03:07:09-07
791,10,2022-02-15 03:07:09-07
795,3,2022-02-15 03:07:09-07
716,11,2022-02-15 03:07:09-07
735,5,2022-02-15 03:07:09-07
761,10,2022-02-15 03:07:09-07
769,12,2022-02-15 03:07:09-07
771,2,2022-02-15 03:07:09-07
802,1,2022-02-15 03:07:09-07
799,7,2022-02-15 03:07:09-07
772,10,2022-02-15 03:07:09-07
816,2,2022-02-15 03:07:09-07
733,4,2022-02-15 03:07:09-07
783,1,2022-02-15 03:07:09-07
765,4,2022-02-15 03:07:09-07
817,8,2022-02-15 03:07:09-07
744,8,2022-02-15 03:07:09-07
757,9,2022-02-15 03:07:09-07
760,14,2022-02-15 03:07:09-07
739,7,2022-02-15 03:07:09-07
800,8,2022-02-15 03:07:09-07
796,7,2022-02-15 03:07:09-07
717,7,2022-02-15 03:07:09-07
762,8,2022-02-15 03:07:09-07
748,6,2022-02-15 03:07:09-07
741,8,2022-02-15 03:07:09-07
808,2,2022-02-15 03:07:09-07
774,9,2022-02-15 03:07:09-07
790,16,2022-02-15 03:07:09-07
729,4,2022-02-15 03:07:09-07
811,5,2022-02-15 03:07:09-07
913,1,2022-02-15 03:07:09-07
815,14,2022-02-15 03:07:09-07
756,6,2022-02-15 03:07:09-07
787,6,2022-02-15 03:07:09-07
785,16,2022-02-15 03:07:09-07
782,15,2022-02-15 03:07:09-07
770,4,2022-02-15 03:07:09-07
714,8,2022-02-15 03:07:09-07
773,1,2022-02-15 03:07:09-07
794,3,2022-02-15 03:07:09-07
727,5,2022-02-15 03:07:09-07
786,5,2022-02-15 03:07:09-07
914,6,2022-02-15 03:07:09-07
866,15,2022-02-15 03:07:09-07
915,3,2022-02-15 03:07:09-07
900,16,2022-02-15 03:07:09-07
874,5,2022-02-15 03:07:09-07
853,3,2022-02-15 03:07:09-07
917,8,2022-02-15 03:07:09-07
908,1,2022-02-15 03:07:09-07
836,7,2022-02-15 03:07:09-07
822,8,2022-02-15 03:07:09-07
837,15,2022-02-15 03:07:09-07
910,7,2022-02-15 03:07:09-07
854,2,2022-02-15 03:07:09-07
829,12,2022-02-15 03:07:09-07
852,13,2022-02-15 03:07:09-07
884,5,2022-02-15 03:07:09-07
926,5,2022-02-15 03:07:09-07
870,3,2022-02-15 03:07:09-07
847,1,2022-02-15 03:07:09-07
885,14,2022-02-15 03:07:09-07
827,13,2022-02-15 03:07:09-07
867,11,2022-02-15 03:07:09-07
849,5,2022-02-15 03:07:09-07
873,6,2022-02-15 03:07:09-07
872,16,2022-02-15 03:07:09-07
902,3,2022-02-15 03:07:09-07
904,6,2022-02-15 03:07:09-07
825,4,2022-02-15 03:07:09-07
839,10,2022-02-15 03:07:09-07
824,11,2022-02-15 03:07:09-07
828,3,2022-02-15 03:07:09-07
835,9,2022-02-15 03:07:09-07
833,10,2022-02-15 03:07:09-07
851,7,2022-02-15 03:07:09-07
924,13,2022-02-15 03:07:09-07
823,10,2022-02-15 03:07:09-07
888,1,2022-02-15 03:07:09-07
861,7,2022-02-15 03:07:09-07
901,8,2022-02-15 03:07:09-07
855,7,2022-02-15 03:07:09-07
869,2,2022-02-15 03:07:09-07
893,3,2022-02-15 03:07:09-07
875,16,2022-02-15 03:07:09-07
892,15,2022-02-15 03:07:09-07
832,4,2022-02-15 03:07:09-07
882,4,2022-02-15 03:07:09-07
891,4,2022-02-15 03:07:09-07
865,2,2022-02-15 03:07:09-07
905,8,2022-02-15 03:07:09-07
859,6,2022-02-15 03:07:09-07
821,14,2022-02-15 03:07:09-07
858,11,2022-02-15 03:07:09-07
909,9,2022-02-15 03:07:09-07
838,3,2022-02-15 03:07:09-07
925,9,2022-02-15 03:07:09-07
843,2,2022-02-15 03:07:09-07
919,2,2022-02-15 03:07:09-07
899,4,2022-02-15 03:07:09-07
826,12,2022-02-15 03:07:09-07
907,9,2022-02-15 03:07:09-07
906,10,2022-02-15 03:07:09-07
820,15,2022-02-15 03:07:09-07
923,12,2022-02-15 03:07:09-07
830,9,2022-02-15 03:07:09-07
868,13,2022-02-15 03:07:09-07
831,14,2022-02-15 03:07:09-07
916,2,2022-02-15 03:07:09-07
879,10,2022-02-15 03:07:09-07
856,15,2022-02-15 03:07:09-07
876,12,2022-02-15 03:07:09-07
911,6,2022-02-15 03:07:09-07
912,9,2022-02-15 03:07:09-07
895,13,2022-02-15 03:07:09-07
918,5,2022-02-15 03:07:09-07
880,6,2022-02-15 03:07:09-07
834,13,2022-02-15 03:07:09-07
877,16,2022-02-15 03:07:09-07
890,14,2022-02-15 03:07:09-07
864,8,2022-02-15 03:07:09-07
848,12,2022-02-15 03:07:09-07
921,12,2022-02-15 03:07:09-07
862,13,2022-02-15 03:07:09-07
883,1,2022-02-15 03:07:09-07
860,4,2022-02-15 03:07:09-07
841,11,2022-02-15 03:07:09-07
863,14,2022-02-15 03:07:09-07
878,7,2022-02-15 03:07:09-07
881,2,2022-02-15 03:07:09-07
903,5,2022-02-15 03:07:09-07
844,1,2022-02-15 03:07:09-07
857,8,2022-02-15 03:07:09-07
897,16,2022-02-15 03:07:09-07
840,12,2022-02-15 03:07:09-07
850,14,2022-02-15 03:07:09-07
886,5,2022-02-15 03:07:09-07
846,16,2022-02-15 03:07:09-07
887,6,2022-02-15 03:07:09-07
920,14,2022-02-15 03:07:09-07
842,10,2022-02-15 03:07:09-07
898,11,2022-02-15 03:07:09-07
958,13,2022-02-15 03:07:09-07
976,11,2022-02-15 03:07:09-07
13,5,2022-02-15 03:07:09-07
983,2,2022-02-15 03:07:09-07
953,6,2022-02-15 03:07:09-07
974,7,2022-02-15 03:07:09-07
8,4,2022-02-15 03:07:09-07
957,10,2022-02-15 03:07:09-07
954,10,2022-02-15 03:07:09-07
982,9,2022-02-15 03:07:09-07
20,15,2022-02-15 03:07:09-07
939,9,2022-02-15 03:07:09-07
25,4,2022-02-15 03:07:09-07
932,13,2022-02-15 03:07:09-07
32,7,2022-02-15 03:07:09-07
929,6,2022-02-15 03:07:09-07
15,3,2022-02-15 03:07:09-07
927,13,2022-02-15 03:07:09-07
960,7,2022-02-15 03:07:09-07
24,8,2022-02-15 03:07:09-07
999,16,2022-02-15 03:07:09-07
961,12,2022-02-15 03:07:09-07
988,12,2022-02-15 03:07:09-07
933,5,2022-02-15 03:07:09-07
944,13,2022-02-15 03:07:09-07
17,4,2022-02-15 03:07:09-07
937,15,2022-02-15 03:07:09-07
998,15,2022-02-15 03:07:09-07
10,16,2022-02-15 03:07:09-07
946,13,2022-02-15 03:07:09-07
975,2,2022-02-15 03:07:09-07
1,16,2022-02-15 03:07:09-07
985,1,2022-02-15 03:07:09-07
972,5,2022-02-15 03:07:09-07
18,16,2022-02-15 03:07:09-07
935,14,2022-02-15 03:07:09-07
16,14,2022-02-15 03:07:09-07
948,9,2022-02-15 03:07:09-07
936,1,2022-02-15 03:07:09-07
14,5,2022-02-15 03:07:09-07
934,3,2022-02-15 03:07:09-07
2,13,2022-02-15 03:07:09-07
973,9,2022-02-15 03:07:09-07
987,14,2022-02-15 03:07:09-07
962,12,2022-02-15 03:07:09-07
964,8,2022-02-15 03:07:09-07
991,3,2022-02-15 03:07:09-07
986,8,2022-02-15 03:07:09-07
993,7,2022-02-15 03:07:09-07
996,8,2022-02-15 03:07:09-07
968,16,2022-02-15 03:07:09-07
966,10,2022-02-15 03:07:09-07
992,4,2022-02-15 03:07:09-07
978,9,2022-02-15 03:07:09-07
952,4,2022-02-15 03:07:09-07
990,5,2022-02-15 03:07:09-07
994,2,2022-02-15 03:07:09-07
956,7,2022-02-15 03:07:09-07
997,7,2022-02-15 03:07:09-07
9,11,2022-02-15 03:07:09-07
963,11,2022-02-15 03:07:09-07
951,2,2022-02-15 03:07:09-07
30,3,2022-02-15 03:07:09-07
27,16,2022-02-15 03:07:09-07
23,11,2022-02-15 03:07:09-07
21,12,2022-02-15 03:07:09-07
969,2,2022-02-15 03:07:09-07
967,1,2022-02-15 03:07:09-07
955,8,2022-02-15 03:07:09-07
213,15,2022-02-15 03:07:09-07
970,12,2022-02-15 03:07:09-07
928,15,2022-02-15 03:07:09-07
6,9,2022-02-15 03:07:09-07
943,11,2022-02-15 03:07:09-07
941,8,2022-02-15 03:07:09-07
103,7,2022-02-15 03:07:09-07
59,3,2022-02-15 03:07:09-07
77,9,2022-02-15 03:07:09-07
33,10,2022-02-15 03:07:09-07
75,11,2022-02-15 03:07:09-07
62,15,2022-02-15 03:07:09-07
132,4,2022-02-15 03:07:09-07
81,11,2022-02-15 03:07:09-07
92,8,2022-02-15 03:07:09-07
80,14,2022-02-15 03:07:09-07
119,12,2022-02-15 03:07:09-07
40,11,2022-02-15 03:07:09-07
79,14,2022-02-15 03:07:09-07
128,1,2022-02-15 03:07:09-07
69,14,2022-02-15 03:07:09-07
117,12,2022-02-15 03:07:09-07
50,10,2022-02-15 03:07:09-07
39,10,2022-02-15 03:07:09-07
123,4,2022-02-15 03:07:09-07
48,3,2022-02-15 03:07:09-07
116,3,2022-02-15 03:07:09-07
58,9,2022-02-15 03:07:09-07
113,7,2022-02-15 03:07:09-07
131,3,2022-02-15 03:07:09-07
63,1,2022-02-15 03:07:09-07
102,2,2022-02-15 03:07:09-07
89,2,2022-02-15 03:07:09-07
42,6,2022-02-15 03:07:09-07
49,5,2022-02-15 03:07:09-07
52,8,2022-02-15 03:07:09-07
115,9,2022-02-15 03:07:09-07
124,12,2022-02-15 03:07:09-07
60,11,2022-02-15 03:07:09-07
73,8,2022-02-15 03:07:09-07
43,9,2022-02-15 03:07:09-07
82,12,2022-02-15 03:07:09-07
55,4,2022-02-15 03:07:09-07
122,13,2022-02-15 03:07:09-07
130,14,2022-02-15 03:07:09-07
135,13,2022-02-15 03:07:09-07
84,10,2022-02-15 03:07:09-07
99,6,2022-02-15 03:07:09-07
100,15,2022-02-15 03:07:09-07
98,15,2022-02-15 03:07:09-07
129,6,2022-02-15 03:07:09-07
67,12,2022-02-15 03:07:09-07
111,2,2022-02-15 03:07:09-07
76,4,2022-02-15 03:07:09-07
101,4,2022-02-15 03:07:09-07
94,15,2022-02-15 03:07:09-07
44,5,2022-02-15 03:07:09-07
66,1,2022-02-15 03:07:09-07
127,11,2022-02-15 03:07:09-07
118,12,2022-02-15 03:07:09-07
107,13,2022-02-15 03:07:09-07
57,8,2022-02-15 03:07:09-07
45,5,2022-02-15 03:07:09-07
36,7,2022-02-15 03:07:09-07
53,13,2022-02-15 03:07:09-07
88,2,2022-02-15 03:07:09-07
90,7,2022-02-15 03:07:09-07
47,7,2022-02-15 03:07:09-07
35,13,2022-02-15 03:07:09-07
96,6,2022-02-15 03:07:09-07
134,6,2022-02-15 03:07:09-07
110,2,2022-02-15 03:07:09-07
87,16,2022-02-15 03:07:09-07
105,8,2022-02-15 03:07:09-07
112,9,2022-02-15 03:07:09-07
93,4,2022-02-15 03:07:09-07
97,11,2022-02-15 03:07:09-07
139,12,2022-02-15 03:07:09-07
41,2,2022-02-15 03:07:09-07
133,7,2022-02-15 03:07:09-07
56,14,2022-02-15 03:07:09-07
70,15,2022-02-15 03:07:09-07
106,9,2022-02-15 03:07:09-07
114,2,2022-02-15 03:07:09-07
136,5,2022-02-15 03:07:09-07
61,16,2022-02-15 03:07:09-07
65,1,2022-02-15 03:07:09-07
64,16,2022-02-15 03:07:09-07
46,3,2022-02-15 03:07:09-07
86,10,2022-02-15 03:07:09-07
54,1,2022-02-15 03:07:09-07
137,10,2022-02-15 03:07:09-07
126,15,2022-02-15 03:07:09-07
68,13,2022-02-15 03:07:09-07
120,9,2022-02-15 03:07:09-07
108,11,2022-02-15 03:07:09-07
34,16,2022-02-15 03:07:09-07
85,16,2022-02-15 03:07:09-07
125,16,2022-02-15 03:07:09-07
216,16,2022-02-15 03:07:09-07
209,8,2022-02-15 03:07:09-07
211,7,2022-02-15 03:07:09-07
142,9,2022-02-15 03:07:09-07
212,6,2022-02-15 03:07:09-07
178,9,2022-02-15 03:07:09-07
200,3,2022-02-15 03:07:09-07
175,12,2022-02-15 03:07:09-07
210,1,2022-02-15 03:07:09-07
162,1,2022-02-15 03:07:09-07
169,5,2022-02-15 03:07:09-07
236,13,2022-02-15 03:07:09-07
141,4,2022-02-15 03:07:09-07
245,7,2022-02-15 03:07:09-07
244,8,2022-02-15 03:07:09-07
181,13,2022-02-15 03:07:09-07
214,14,2022-02-15 03:07:09-07
208,2,2022-02-15 03:07:09-07
234,6,2022-02-15 03:07:09-07
203,12,2022-02-15 03:07:09-07
196,4,2022-02-15 03:07:09-07
160,8,2022-02-15 03:07:09-07
176,16,2022-02-15 03:07:09-07
226,4,2022-02-15 03:07:09-07
241,4,2022-02-15 03:07:09-07
167,6,2022-02-15 03:07:09-07
186,14,2022-02-15 03:07:09-07
201,15,2022-02-15 03:07:09-07
192,15,2022-02-15 03:07:09-07
221,16,2022-02-15 03:07:09-07
215,9,2022-02-15 03:07:09-07
202,10,2022-02-15 03:07:09-07
232,13,2022-02-15 03:07:09-07
140,3,2022-02-15 03:07:09-07
161,16,2022-02-15 03:07:09-07
205,16,2022-02-15 03:07:09-07
219,8,2022-02-15 03:07:09-07
172,3,2022-02-15 03:07:09-07
143,1,2022-02-15 03:07:09-07
190,11,2022-02-15 03:07:09-07
207,4,2022-02-15 03:07:09-07
198,7,2022-02-15 03:07:09-07
164,8,2022-02-15 03:07:09-07
163,4,2022-02-15 03:07:09-07
166,6,2022-02-15 03:07:09-07
237,13,2022-02-15 03:07:09-07
157,12,2022-02-15 03:07:09-07
240,5,2022-02-15 03:07:09-07
155,2,2022-02-15 03:07:09-07
223,15,2022-02-15 03:07:09-07
182,13,2022-02-15 03:07:09-07
229,6,2022-02-15 03:07:09-07
228,5,2022-02-15 03:07:09-07
230,10,2022-02-15 03:07:09-07
170,10,2022-02-15 03:07:09-07
146,7,2022-02-15 03:07:09-07
239,16,2022-02-15 03:07:09-07
145,10,2022-02-15 03:07:09-07
180,7,2022-02-15 03:07:09-07
171,5,2022-02-15 03:07:09-07
147,16,2022-02-15 03:07:09-07
158,3,2022-02-15 03:07:09-07
187,3,2022-02-15 03:07:09-07
235,5,2022-02-15 03:07:09-07
193,8,2022-02-15 03:07:09-07
177,4,2022-02-15 03:07:09-07
189,14,2022-02-15 03:07:09-07
153,10,2022-02-15 03:07:09-07
227,1,2022-02-15 03:07:09-07
238,11,2022-02-15 03:07:09-07
165,6,2022-02-15 03:07:09-07
222,2,2022-02-15 03:07:09-07
183,5,2022-02-15 03:07:09-07
204,13,2022-02-15 03:07:09-07
156,3,2022-02-15 03:07:09-07
220,9,2022-02-15 03:07:09-07
194,12,2022-02-15 03:07:09-07
233,1,2022-02-15 03:07:09-07
218,14,2022-02-15 03:07:09-07
188,14,2022-02-15 03:07:09-07
231,14,2022-02-15 03:07:09-07
247,11,2022-02-15 03:07:09-07
159,1,2022-02-15 03:07:09-07
246,14,2022-02-15 03:07:09-07
151,11,2022-02-15 03:07:09-07
195,15,2022-02-15 03:07:09-07
144,11,2022-02-15 03:07:09-07
206,7,2022-02-15 03:07:09-07
179,1,2022-02-15 03:07:09-07
224,2,2022-02-15 03:07:09-07
174,2,2022-02-15 03:07:09-07
243,2,2022-02-15 03:07:09-07
294,10,2022-02-15 03:07:09-07
307,3,2022-02-15 03:07:09-07
279,11,2022-02-15 03:07:09-07
251,7,2022-02-15 03:07:09-07
266,10,2022-02-15 03:07:09-07
306,8,2022-02-15 03:07:09-07
320,4,2022-02-15 03:07:09-07
265,12,2022-02-15 03:07:09-07
334,12,2022-02-15 03:07:09-07
272,6,2022-02-15 03:07:09-07
326,5,2022-02-15 03:07:09-07
332,14,2022-02-15 03:07:09-07
287,13,2022-02-15 03:07:09-07
276,16,2022-02-15 03:07:09-07
349,7,2022-02-15 03:07:09-07
347,4,2022-02-15 03:07:09-07
333,3,2022-02-15 03:07:09-07
288,15,2022-02-15 03:07:09-07
327,14,2022-02-15 03:07:09-07
258,15,2022-02-15 03:07:09-07
286,6,2022-02-15 03:07:09-07
353,3,2022-02-15 03:07:09-07
315,4,2022-02-15 03:07:09-07
330,12,2022-02-15 03:07:09-07
293,3,2022-02-15 03:07:09-07
350,10,2022-02-15 03:07:09-07
302,8,2022-02-15 03:07:09-07
316,12,2022-02-15 03:07:09-07
335,1,2022-02-15 03:07:09-07
314,12,2022-02-15 03:07:09-07
275,2,2022-02-15 03:07:09-07
284,9,2022-02-15 03:07:09-07
341,13,2022-02-15 03:07:09-07
348,2,2022-02-15 03:07:09-07
340,1,2022-02-15 03:07:09-07
318,1,2022-02-15 03:07:09-07
277,1,2022-02-15 03:07:09-07
261,11,2022-02-15 03:07:09-07
329,15,2022-02-15 03:07:09-07
343,9,2022-02-15 03:07:09-07
295,5,2022-02-15 03:07:09-07
324,5,2022-02-15 03:07:09-07
248,8,2022-02-15 03:07:09-07
260,4,2022-02-15 03:07:09-07
300,11,2022-02-15 03:07:09-07
319,10,2022-02-15 03:07:09-07
259,8,2022-02-15 03:07:09-07
338,14,2022-02-15 03:07:09-07
346,1,2022-02-15 03:07:09-07
339,3,2022-02-15 03:07:09-07
269,1,2022-02-15 03:07:09-07
256,10,2022-02-15 03:07:09-07
282,4,2022-02-15 03:07:09-07
297,7,2022-02-15 03:07:09-07
281,16,2022-02-15 03:07:09-07
321,9,2022-02-15 03:07:09-07
257,8,2022-02-15 03:07:09-07
273,15,2022-02-15 03:07:09-07
253,15,2022-02-15 03:07:09-07
312,11,2022-02-15 03:07:09-07
328,5,2022-02-15 03:07:09-07
303,16,2022-02-15 03:07:09-07
298,14,2022-02-15 03:07:09-07
296,5,2022-02-15 03:07:09-07
337,9,2022-02-15 03:07:09-07
283,6,2022-02-15 03:07:09-07
352,1,2022-02-15 03:07:09-07
254,9,2022-02-15 03:07:09-07
384,10,2022-02-15 03:07:09-07
344,6,2022-02-15 03:07:09-07
336,12,2022-02-15 03:07:09-07
331,13,2022-02-15 03:07:09-07
280,16,2022-02-15 03:07:09-07
317,2,2022-02-15 03:07:09-07
313,11,2022-02-15 03:07:09-07
345,9,2022-02-15 03:07:09-07
291,8,2022-02-15 03:07:09-07
271,15,2022-02-15 03:07:09-07
308,16,2022-02-15 03:07:09-07
250,14,2022-02-15 03:07:09-07
301,8,2022-02-15 03:07:09-07
305,14,2022-02-15 03:07:09-07
274,2,2022-02-15 03:07:09-07
285,2,2022-02-15 03:07:09-07
325,7,2022-02-15 03:07:09-07
278,7,2022-02-15 03:07:09-07
292,5,2022-02-15 03:07:09-07
290,13,2022-02-15 03:07:09-07
262,16,2022-02-15 03:07:09-07
311,10,2022-02-15 03:07:09-07
249,6,2022-02-15 03:07:09-07
252,2,2022-02-15 03:07:09-07
267,12,2022-02-15 03:07:09-07
270,13,2022-02-15 03:07:09-07
351,11,2022-02-15 03:07:09-07
268,14,2022-02-15 03:07:09-07
342,3,2022-02-15 03:07:09-07
309,16,2022-02-15 03:07:09-07
322,9,2022-02-15 03:07:09-07
263,11,2022-02-15 03:07:09-07
437,15,2022-02-15 03:07:09-07
374,8,2022-02-15 03:07:09-07
427,2,2022-02-15 03:07:09-07
420,7,2022-02-15 03:07:09-07
432,15,2022-02-15 03:07:09-07
383,14,2022-02-15 03:07:09-07
359,13,2022-02-15 03:07:09-07
363,14,2022-02-15 03:07:09-07
365,6,2022-02-15 03:07:09-07
418,15,2022-02-15 03:07:09-07
411,12,2022-02-15 03:07:09-07
413,6,2022-02-15 03:07:09-07
444,8,2022-02-15 03:07:09-07
454,13,2022-02-15 03:07:09-07
429,1,2022-02-15 03:07:09-07
417,14,2022-02-15 03:07:09-07
450,1,2022-02-15 03:07:09-07
448,4,2022-02-15 03:07:09-07
459,5,2022-02-15 03:07:09-07
395,5,2022-02-15 03:07:09-07
431,10,2022-02-15 03:07:09-07
403,1,2022-02-15 03:07:09-07
371,4,2022-02-15 03:07:09-07
401,12,2022-02-15 03:07:09-07
379,6,2022-02-15 03:07:09-07
412,15,2022-02-15 03:07:09-07
414,8,2022-02-15 03:07:09-07
378,3,2022-02-15 03:07:09-07
368,5,2022-02-15 03:07:09-07
410,9,2022-02-15 03:07:09-07
372,14,2022-02-15 03:07:09-07
391,15,2022-02-15 03:07:09-07
356,4,2022-02-15 03:07:09-07
409,3,2022-02-15 03:07:09-07
408,1,2022-02-15 03:07:09-07
357,8,2022-02-15 03:07:09-07
447,11,2022-02-15 03:07:09-07
419,7,2022-02-15 03:07:09-07
440,14,2022-02-15 03:07:09-07
435,5,2022-02-15 03:07:09-07
442,3,2022-02-15 03:07:09-07
400,12,2022-02-15 03:07:09-07
461,4,2022-02-15 03:07:09-07
354,2,2022-02-15 03:07:09-07
424,1,2022-02-15 03:07:09-07
362,3,2022-02-15 03:07:09-07
436,7,2022-02-15 03:07:09-07
381,2,2022-02-15 03:07:09-07
439,4,2022-02-15 03:07:09-07
402,3,2022-02-15 03:07:09-07
406,13,2022-02-15 03:07:09-07
433,16,2022-02-15 03:07:09-07
415,10,2022-02-15 03:07:09-07
398,5,2022-02-15 03:07:09-07
380,12,2022-02-15 03:07:09-07
446,6,2022-02-15 03:07:09-07
361,11,2022-02-15 03:07:09-07
358,11,2022-02-15 03:07:09-07
376,6,2022-02-15 03:07:09-07
449,1,2022-02-15 03:07:09-07
399,16,2022-02-15 03:07:09-07
367,12,2022-02-15 03:07:09-07
426,7,2022-02-15 03:07:09-07
394,10,2022-02-15 03:07:09-07
355,16,2022-02-15 03:07:09-07
364,10,2022-02-15 03:07:09-07
421,15,2022-02-15 03:07:09-07
458,7,2022-02-15 03:07:09-07
405,9,2022-02-15 03:07:09-07
387,7,2022-02-15 03:07:09-07
392,4,2022-02-15 03:07:09-07
422,13,2022-02-15 03:07:09-07
453,9,2022-02-15 03:07:09-07
360,16,2022-02-15 03:07:09-07
455,4,2022-02-15 03:07:09-07
445,10,2022-02-15 03:07:09-07
377,12,2022-02-15 03:07:09-07
388,13,2022-02-15 03:07:09-07
438,11,2022-02-15 03:07:09-07
430,16,2022-02-15 03:07:09-07
460,2,2022-02-15 03:07:09-07
452,11,2022-02-15 03:07:09-07
390,9,2022-02-15 03:07:09-07
369,6,2022-02-15 03:07:09-07
366,12,2022-02-15 03:07:09-07
397,7,2022-02-15 03:07:09-07
389,5,2022-02-15 03:07:09-07
456,5,2022-02-15 03:07:09-07
375,6,2022-02-15 03:07:09-07
434,14,2022-02-15 03:07:09-07
386,10,2022-02-15 03:07:09-07
373,11,2022-02-15 03:07:09-07
425,16,2022-02-15 03:07:09-07
443,9,2022-02-15 03:07:09-07
370,8,2022-02-15 03:07:09-07
529,16,2022-02-15 03:07:09-07
670,14,2022-02-15 03:07:09-07
491,3,2022-02-15 03:07:09-07
487,7,2022-02-15 03:07:09-07
471,3,2022-02-15 03:07:09-07
478,10,2022-02-15 03:07:09-07
474,12,2022-02-15 03:07:09-07
526,16,2022-02-15 03:07:09-07
532,4,2022-02-15 03:07:09-07
563,4,2022-02-15 03:07:09-07
508,6,2022-02-15 03:07:09-07
473,16,2022-02-15 03:07:09-07
555,2,2022-02-15 03:07:09-07
464,13,2022-02-15 03:07:09-07
560,8,2022-02-15 03:07:09-07
566,15,2022-02-15 03:07:09-07
470,15,2022-02-15 03:07:09-07
468,7,2022-02-15 03:07:09-07
482,7,2022-02-15 03:07:09-07
494,8,2022-02-15 03:07:09-07
502,11,2022-02-15 03:07:09-07
518,15,2022-02-15 03:07:09-07
533,16,2022-02-15 03:07:09-07
565,5,2022-02-15 03:07:09-07
530,9,2022-02-15 03:07:09-07
483,1,2022-02-15 03:07:09-07
484,6,2022-02-15 03:07:09-07
542,2,2022-02-15 03:07:09-07
488,12,2022-02-15 03:07:09-07
503,11,2022-02-15 03:07:09-07
524,15,2022-02-15 03:07:09-07
504,14,2022-02-15 03:07:09-07
499,9,2022-02-15 03:07:09-07
469,1,2022-02-15 03:07:09-07
556,3,2022-02-15 03:07:09-07
